pep_pair,charge,mods,theo_m/z,id_rt_min,id_rt_max,spec_cnt,evalue_best,svm_best,svm_worst,pq_rt_min,pq_rt_max,fit_chrom_mean,fit_chrom_std,mean-3std,mean+3std
KVPQVSTPTLVEVSR(1)-KVPQVSTPTLVEVSR(1),4,null,859.972957,4935.288646,4937.790952,4,9.793354E-06,3.595132E-08,2.630913E-03,4925.110000,4942.990000,4934.314919,0.974132,4931.392523,4937.237315
NYQEAKDAFLGSFLYEYSR(6)-LAKEYEATLEECCAK(3),4,Carbamidomethyl[C](34);Carbamidomethyl[C](35),1068.982457,5314.473781,5321.648839,7,1.588613E-11,3.769645E-08,6.833023E-05,5298.730000,5325.910000,5314.458116,2.775683,5306.131068,5322.785164
NYQEAKDAFLGSFLYEYSR(6)-LAKEYEATLEECCAK(3),3,Carbamidomethyl[C](34);Carbamidomethyl[C](35),1424.974184,5317.351077,5319.550510,3,9.543930E-09,1.808134E-07,5.915078E-06,5304.770000,5322.880000,5314.471723,1.811378,5309.037590,5319.905857
VTKCCTESLVNR(3)-VTKCCTESLVNR(3),3,Carbamidomethyl[C](4);Carbamidomethyl[C](5);Carbamidomethyl[C](19);Carbamidomethyl[C](20),1030.809518,3405.249774,3409.093286,3,9.735116E-03,2.315662E-07,1.571938E-06,3393.790000,3414.580000,3403.605343,3.070874,3394.392721,3412.817966
FKDLGEEHFK(2)-FKDLGEEHFK(2),6,null,443.545897,2987.314575,2987.314575,1,1.222930E-02,2.500512E-07,2.500512E-07,2949.760000,3029.910000,3000.963473,19.675529,2941.936887,3059.990060
KVPQVSTPTLVEVSR(1)-KVPQVSTPTLVEVSR(1),3,null,1146.295518,4935.800632,4938.960936,4,1.779881E-03,2.725346E-07,3.029468E-02,4916.110000,4945.980000,4933.955380,1.171888,4930.439717,4937.471043
LAKEYEATLEECCAK(3)-VTKCCTESLVNR(3),4,Carbamidomethyl[C](12);Carbamidomethyl[C](13);Carbamidomethyl[C](22);Carbamidomethyl[C](23),860.389207,3832.950449,3841.884444,6,5.308195E-09,4.238440E-07,1.361262E-05,3827.590000,3843.990000,3833.846952,2.383460,3826.696572,3840.997333
LAKEYEATLEECCAK(3)-VTKCCTESLVNR(3),3,Carbamidomethyl[C](12);Carbamidomethyl[C](13);Carbamidomethyl[C](22);Carbamidomethyl[C](23),1146.849851,3833.352433,3839.399693,6,2.652291E-08,4.276330E-07,1.177146E-04,3827.590000,3842.560000,3833.582958,2.235133,3826.877559,3840.288357
VHKECCHGDLLECADDR(3)-ALKAWSVAR(3),4,Carbamidomethyl[C](5);Carbamidomethyl[C](6);Carbamidomethyl[C](13),818.872957,3717.989425,3954.708392,20,7.042835E-15,5.340371E-07,3.938182E-03,3703.860000,3982.290000,3733.519574,12.751022,3695.266509,3771.772639
QNCDQFEKLGEYGFQNALIVR(8)-ATEEQLKTVMENFVAFVDK(7),4,Carbamidomethyl[C](3),1222.084457,6734.331261,6735.253608,2,1.443627E-11,1.655841E-06,2.685879E-06,6715.840000,6748.830000,6733.042259,6.071786,6714.826900,6751.257618
NYQEAKDAFLGSFLYEYSR(6)-ALKAWSVAR(3),4,null,865.672457,5469.349330,5518.854869,16,1.601312E-09,2.278479E-06,7.341963E-03,5458.240000,5535.210000,5485.753871,13.568333,5445.048872,5526.458869
KVPQVSTPTLVEVSR(1)-VTKCCTESLVNR(3),3,Carbamidomethyl[C](22);Carbamidomethyl[C](23),1088.552518,4391.690699,4407.401650,7,5.290169E-09,3.270384E-06,2.108232E-04,4385.310000,4418.610000,4402.541299,5.914516,4384.797750,4420.284849
FKDLGEEHFK(2)-FKDLGEEHFK(2),5,null,532.053621,2676.957712,3186.259316,2,1.624850E-02,3.452875E-06,2.469216E-05,2666.630000,3217.320000,3171.661310,79.752174,2932.404787,3410.917833
FKDLGEEHFK(2)-DTHKSEIAHR(4),6,null,434.209397,2676.210363,2926.647459,18,2.863591E-07,3.790154E-06,2.806379E-03,2666.630000,2929.120000,2698.920401,52.827782,2540.437054,2857.403748
FKDLGEEHFK(2)-FKDLGEEHFK(2),3,null,886.084518,3262.161257,3310.669314,2,9.488410E-03,4.574539E-06,3.263414E-04,3244.720000,3323.570000,3303.539242,11.856032,3267.971145,3339.107340
VTKCCTESLVNR(3)-ALKAWSVAR(3),4,Carbamidomethyl[C](4);Carbamidomethyl[C](5),657.078957,3932.636244,3932.636244,1,1.715517E-07,4.798511E-06,4.798511E-06,3919.020000,3939.910000,3929.298205,2.555315,3921.632261,3936.964149
RHPYFYAPELLYYANKYNGVFQECCQAEDK(16)-GACLLPKIETMR(7),5,Carbamidomethyl[C](24);Carbamidomethyl[C](25);Carbamidomethyl[C](36),1064.695821,5525.302070,5905.364673,57,7.734316E-13,4.933288E-06,9.901029E-02,5511.280000,6044.850000,5652.688941,71.406086,5438.470684,5866.907198
KVPQVSTPTLVEVSR(1)-VTKCCTESLVNR(3),4,Carbamidomethyl[C](22);Carbamidomethyl[C](23),816.666207,4392.204082,4431.652366,9,5.002511E-10,7.258719E-06,4.024909E-03,4385.990000,4436.160000,4404.630560,5.254791,4388.866187,4420.394933
LSQKFPKAEFVEVTK(7)-KVPQVSTPTLVEVSR(1),5,null,710.387421,4840.906697,4847.817002,4,6.475418E-09,7.950244E-06,1.037897E-02,4828.320000,4867.190000,4841.412627,3.521871,4830.847013,4851.978241
ADLAKYICDNQDTISSK(5)-FKDLGEEHFK(2),4,Carbamidomethyl[C](8),837.890457,4519.134261,4519.134261,1,7.525165E-10,8.011697E-06,8.011697E-06,4493.370000,4535.620000,4510.684763,7.490732,4488.212566,4533.156960
AEFVEVTKLVTDLTK(8)-ALKAWSVAR(3),4,null,713.637207,5560.356878,5594.317452,6,4.117755E-07,1.188407E-05,1.349446E-02,5553.400000,5620.490000,5572.818889,10.777566,5540.486192,5605.151586
HPYFYAPELLYYANKYNGVFQECCQAEDK(15)-GACLLPKIETMR(7),5,Carbamidomethyl[C](23);Carbamidomethyl[C](24);Carbamidomethyl[C](35),1033.475621,5676.950722,5713.799977,9,4.203732E-07,1.555987E-05,3.613010E-02,5665.370000,5731.480000,5700.393316,15.926597,5652.613526,5748.173106
RHPYFYAPELLYYANKYNGVFQECCQAEDK(16)-GACLLPKIETMR(7),5,Carbamidomethyl[C](24);Carbamidomethyl[C](25);Carbamidomethyl[C](36);Oxidation[M](44),1067.894821,5441.914840,5670.216532,8,8.566845E-11,1.637890E-05,1.127294E-01,5431.120000,5719.530000,5497.727633,89.427863,5229.444043,5766.011223
VTKCCTESLVNR(3)-FKDLGEEHFK(2),4,Carbamidomethyl[C](4);Carbamidomethyl[C](5),719.087207,3665.939452,3671.818673,2,2.005737E-09,1.777500E-05,5.027711E-03,3653.660000,3676.960000,3665.047391,3.519363,3654.489300,3675.605481
LCVLHEKTPVSEK(7)-CASIQKFGER(6),5,Carbamidomethyl[C](2);Carbamidomethyl[C](17),579.286821,3746.432910,3786.120595,8,1.878373E-10,2.197902E-05,2.221807E-03,3734.720000,3789.120000,3759.895173,12.953096,3721.035885,3798.754461
KVPQVSTPTLVEVSR(1)-HKPKATEEQLK(4),3,null,1035.891851,3632.830616,3640.163025,7,9.759372E-09,2.268237E-05,2.600924E-02,3623.650000,3665.000000,3638.156735,4.548398,3624.511540,3651.801929
VHKECCHGDLLECADDR(3)-ALKAWSVAR(3),5,Carbamidomethyl[C](5);Carbamidomethyl[C](6);Carbamidomethyl[C](13),655.299821,3718.160412,3891.794591,22,2.771400E-12,2.308741E-05,2.364626E-02,3703.860000,3916.080000,3737.140573,16.162887,3688.651911,3785.629234
NYQEAKDAFLGSFLYEYSR(6)-ALKAWSVAR(3),3,null,1153.894184,5473.941832,5528.246492,16,7.704162E-12,2.331944E-05,4.268646E-01,5461.190000,5535.210000,5485.985091,14.126709,5443.604965,5528.365217
LSQKFPKAEFVEVTK(7)-KVPQVSTPTLVEVSR(1),4,null,887.732457,4840.287594,4843.761132,6,9.936192E-13,3.355135E-05,2.819666E-02,4828.320000,4855.380000,4840.826379,2.509088,4833.299114,4848.353644
AFDEKLFTFHADICTLPDTEK(5)-KVPQVSTPTLVEVSR(1),4,Carbamidomethyl[C](14),1074.536707,5237.336369,5237.871233,2,4.968400E-08,3.778351E-05,8.680997E-03,5218.360000,5248.200000,5235.594045,2.924183,5226.821494,5244.366595
KVPQVSTPTLVEVSR(1)-FPKAEFVEVTK(3),4,null,773.664957,4941.236478,4943.876168,4,1.974050E-08,4.050681E-05,4.435041E-04,4931.090000,4951.980000,4939.438227,2.313876,4932.496600,4946.379854
FKDLGEEHFK(2)-DTHKSEIAHR(4),5,null,520.849821,2676.001749,2931.147958,21,1.066408E-07,5.429685E-05,6.353942E-01,2666.630000,2937.330000,2800.440133,120.298308,2439.545210,3161.335056
LCVLHEKTPVSEK(7)-VTKCCTESLVNR(3),5,Carbamidomethyl[C](2);Carbamidomethyl[C](20);Carbamidomethyl[C](21),633.510821,3582.122979,3584.824419,2,1.028864E-09,5.499408E-05,3.851779E-04,3568.310000,3595.860000,3581.156027,4.234474,3568.452604,3593.859450
VHKECCHGDLLECADDRADLAK(3)-ALKAWSVAR(3),5,Carbamidomethyl[C](5);Carbamidomethyl[C](6);Carbamidomethyl[C](13),754.955821,3892.633944,4116.753520,27,2.939092E-10,7.587101E-05,2.680321E-01,3882.990000,4131.270000,3911.791254,26.339941,3832.771432,3990.811076
AEFVEVTKLVTDLTK(8)-ALKAWSVAR(3),3,null,951.180518,5537.675988,5590.928933,7,6.205310E-08,7.880305E-05,1.357516E-03,5508.310000,5614.580000,5571.331971,12.492462,5533.854584,5608.809358
HPYFYAPELLYYANKYNGVFQECCQAEDK(15)-GACLLPKIETMR(7),4,Carbamidomethyl[C](23);Carbamidomethyl[C](24);Carbamidomethyl[C](35),1291.592707,5674.054819,5932.364566,16,5.295345E-16,9.825462E-05,4.841251E-01,5572.610000,6008.660000,5702.937223,70.187403,5492.375015,5913.499432
LAKEYEATLEECCAK(3)-ALKAWSVAR(3),3,Carbamidomethyl[C](12);Carbamidomethyl[C](13),991.809851,4302.645479,4305.896647,6,1.377643E-08,9.915868E-05,4.273328E-04,4293.310000,4319.390000,4305.487933,3.022213,4296.421294,4314.554571
VHKECCHGDLLECADDRADLAK(3)-ALKAWSVAR(3),6,Carbamidomethyl[C](5);Carbamidomethyl[C](6);Carbamidomethyl[C](13),629.297731,3893.053823,4118.148240,24,2.769330E-11,9.940686E-05,4.045312E-01,3882.990000,4124.900000,3912.398593,22.229105,3845.711277,3979.085909
VTKCCTESLVNR(3)-TPVSEKVTK(6),3,Carbamidomethyl[C](4);Carbamidomethyl[C](5),871.429184,3119.071123,3122.166165,3,4.842920E-08,1.006279E-04,1.618380E-03,3102.640000,3126.920000,3115.829508,3.152968,3106.370605,3125.288411
RHPYFYAPELLYYANKYNGVFQECCQAEDK(16)-GACLLPKIETMR(7),4,Carbamidomethyl[C](24);Carbamidomethyl[C](25);Carbamidomethyl[C](36),1330.617957,5534.664815,5702.374048,26,1.672676E-10,1.076627E-04,1.251578E-02,5523.270000,5824.780000,5651.334911,52.395266,5494.149114,5808.520708
LAKEYEATLEECCAK(3)-ALKAWSVAR(3),4,Carbamidomethyl[C](12);Carbamidomethyl[C](13),744.109207,4303.076721,4313.330690,7,7.444069E-09,1.141812E-04,2.736023E-01,4293.310000,4316.530000,4305.338257,2.691434,4297.263954,4313.412560
ECCDKPLLEKSHCIAEVEK(5)-ECCDKPLLEKSHCIAEVEK(10),4,Carbamidomethyl[C](2);Carbamidomethyl[C](3);Carbamidomethyl[C](13);Carbamidomethyl[C](24);Carbamidomethyl[C](25);Carbamidomethyl[C](35),1212.551207,5078.344921,5079.575255,2,6.723109E-01,1.285043E-04,2.096787E-03,5053.840000,5095.510000,5075.694820,6.572043,5055.978691,5095.410949
VHKECCHGDLLECADDRADLAK(3)-ALKAWSVAR(3),4,Carbamidomethyl[C](5);Carbamidomethyl[C](6);Carbamidomethyl[C](13),943.442957,3892.534945,4114.474818,24,5.627166E-13,1.341859E-04,4.253045E-01,3882.990000,4124.900000,3911.964058,24.300650,3839.062108,3984.866007
KVPQVSTPTLVEVSR(1)-TPVSEKVTK(6),4,null,697.130707,4211.022091,4222.249033,5,2.826449E-07,1.446122E-04,1.581261E-03,4203.260000,4239.410000,4218.728429,6.034578,4200.624695,4236.832162
KVPQVSTPTLVEVSR(1)-LCVLHEKTPVSEK(7),4,Carbamidomethyl[C](20),834.943957,4454.766632,4494.639541,10,1.383236E-08,1.727780E-04,1.068798E-02,4442.100000,4505.180000,4472.826255,12.026636,4436.746348,4508.906163
VTKCCTESLVNR(3)-ALKAWSVAR(3),3,Carbamidomethyl[C](4);Carbamidomethyl[C](5),875.769518,3932.350744,3932.350744,1,2.979346E-07,1.802384E-04,1.802384E-04,3919.020000,3939.910000,3929.147517,2.338315,3922.132573,3936.162461
LCVLHEKTPVSEK(7)-VTKCCTESLVNR(3),4,Carbamidomethyl[C](2);Carbamidomethyl[C](20);Carbamidomethyl[C](21),791.636707,3580.794274,3587.971436,5,9.906557E-11,1.863514E-04,2.518123E-03,3568.310000,3601.980000,3582.293334,4.374132,3569.170937,3595.415730
LVTDLTKVHK(7)-ALKAWSVAR(3),4,null,578.825207,4140.591985,4180.612661,17,2.327135E-09,1.872498E-04,5.585240E-02,4131.270000,4209.150000,4165.776930,13.615490,4124.930459,4206.623401
VTKCCTESLVNR(3)-TPVSEKVTK(6),4,Carbamidomethyl[C](4);Carbamidomethyl[C](5),653.823707,3119.242115,3119.242115,1,4.936041E-07,1.906025E-04,1.906025E-04,3102.640000,3126.920000,3115.753011,3.167063,3106.251822,3125.254200
LVNELTEFAKTCVADESHAGCEK(10)-FKDLGEEHFK(2),4,Carbamidomethyl[C](12);Carbamidomethyl[C](21),1004.460207,4865.008414,4866.978108,3,3.612809E-15,1.942403E-04,1.972217E-01,4852.370000,4873.130000,4861.583751,2.362297,4854.496860,4868.670643
KVPQVSTPTLVEVSR(1)-ALKAWSVAR(3),3,null,933.512518,4783.782863,4783.782863,1,6.120541E-06,2.117357E-04,2.117357E-04,4760.650000,4802.330000,4778.495433,6.660217,4758.514782,4798.476084
ECCDKPLLEKSHCIAEVEK(10)-ECCDKPLLEKSHCIAEVEK(5),4,Carbamidomethyl[C](2);Carbamidomethyl[C](3);Carbamidomethyl[C](13);Carbamidomethyl[C](24);Carbamidomethyl[C](25);Carbamidomethyl[C](35),1212.551207,5078.500395,5082.872661,3,6.089064E-01,2.291671E-04,1.256573E-03,5053.840000,5095.510000,5075.694820,6.572043,5055.978691,5095.410949
LKECCDKPLLEKSHCIAEVEK(12)-ADLAKYICDNQDTISSK(5),4,Carbamidomethyl[C](4);Carbamidomethyl[C](5);Carbamidomethyl[C](15);Carbamidomethyl[C](32),1172.053207,4445.845364,4446.085030,2,8.693010E-10,2.489225E-04,2.517556E-04,4436.160000,4454.480000,4444.640529,2.926538,4435.860914,4453.420144
RPCFSALTPDETYVPKAFDEK(16)-KVPQVSTPTLVEVSR(1),4,Carbamidomethyl[C](3),1067.786707,5047.923477,5052.191738,7,2.125735E-11,2.739092E-04,3.330392E-01,5038.960000,5074.810000,5048.848611,6.453457,5029.488239,5068.208983
FKDLGEEHFK(2)-DTHKSEIAHR(4),4,null,650.810457,2676.483238,2926.381848,14,1.191359E-06,2.841086E-04,8.588164E-02,2666.630000,2930.000000,2736.155283,98.541600,2440.530483,3031.780083
LVTDLTKVHK(7)-ALKAWSVAR(3),5,null,463.261621,4143.634028,4196.255354,10,1.338776E-06,2.854980E-04,9.534578E-03,4131.270000,4203.260000,4166.127694,13.458893,4125.751015,4206.504372
LCVLHEKTPVSEK(7)-CASIQKFGER(6),3,Carbamidomethyl[C](2);Carbamidomethyl[C](17),964.806518,3744.893439,3787.037440,16,1.114682E-07,2.868455E-04,1.499989E-01,3734.720000,3789.120000,3765.690393,12.508052,3728.166236,3803.214549
LSQKFPKAEFVEVTK(7)-YICDNQDTISSKLK(12),3,Carbamidomethyl[C](21),1198.268518,4649.042906,4653.610511,4,7.465677E-06,2.973212E-04,3.102654E-03,4637.460000,4664.500000,4650.023267,3.983130,4638.073877,4661.972656
LSQKFPKAEFVEVTK(7)-KVPQVSTPTLVEVSR(1),3,null,1183.307518,4841.673420,4843.920112,5,1.532268E-08,3.102165E-04,1.474139E-01,4831.250000,4852.370000,4841.094905,2.377774,4833.961582,4848.228227
AEFVEVTKLVTDLTK(8)-LSQKFPK(4),4,null,675.115957,5358.721575,5358.721575,1,1.053803E-03,3.179495E-04,3.179495E-04,5340.890000,5367.990000,5353.536702,4.273711,5340.715568,5366.357835
LVTDLTKVHK(7)-ALKAWSVAR(3),3,null,771.431184,4141.783455,4180.394179,14,6.504562E-09,3.415653E-04,1.845740E-02,4131.270000,4209.150000,4165.546986,13.364496,4125.453499,4205.640473
RHPYFYAPELLYYANKYNGVFQECCQAEDK(16)-GACLLPKIETMR(7),4,Carbamidomethyl[C](24);Carbamidomethyl[C](25);Carbamidomethyl[C](36);Oxidation[M](44),1334.616707,5445.920340,5454.943845,5,3.420056E-07,3.488638E-04,4.053673E-03,5428.190000,5461.190000,5448.193616,5.833868,5430.692012,5465.695220
LCVLHEKTPVSEK(7)-SLGKVGTR(4),4,Carbamidomethyl[C](2),629.331707,3406.737466,3406.737466,1,5.432972E-06,3.858639E-04,3.858639E-04,3396.740000,3414.580000,3404.892595,2.275250,3398.066846,3411.718344
KVPQVSTPTLVEVSR(1)-LCVLHEKTPVSEK(7),3,Carbamidomethyl[C](20),1112.922851,4456.510335,4495.624023,6,3.338123E-09,4.076231E-04,3.398829E-02,4442.100000,4505.180000,4471.637895,12.374922,4434.513128,4508.762661
LCVLHEKTPVSEK(7)-CASIQKFGER(6),4,Carbamidomethyl[C](2);Carbamidomethyl[C](17),723.856707,3744.439969,3786.548315,13,9.317176E-10,4.538046E-04,8.036840E-03,3734.720000,3793.790000,3767.597329,14.129774,3725.208007,3809.986652
VHKECCHGDLLECADDRADLAK(3)-ALKAWSVAR(3),3,Carbamidomethyl[C](5);Carbamidomethyl[C](6);Carbamidomethyl[C](13),1257.588184,3895.756881,3941.570997,8,8.967326E-13,5.313225E-04,5.783908E-01,3885.940000,3948.860000,3907.200387,12.971227,3868.286707,3946.114067
KVPQVSTPTLVEVSR(1)-HKPKATEEQLK(4),5,null,621.938021,3630.782782,3702.359343,9,2.822107E-08,5.558256E-04,1.977162E-01,3620.090000,3722.840000,3638.784510,7.494181,3616.301967,3661.267053
KVPQVSTPTLVEVSR(1)-LSQKFPK(4),4,null,661.864957,4438.921296,4450.503357,7,9.297359E-06,5.635335E-04,6.588687E-01,4427.090000,4457.410000,4439.744731,4.177794,4427.211350,4452.278113
LKPDPNTLCDEFK(2)-SLGKVGTR(4),3,Carbamidomethyl[C](9),851.089184,4294.780565,4300.241419,3,7.603021E-05,5.673878E-04,1.446588E-03,4278.240000,4308.330000,4294.269488,4.691329,4280.195501,4308.343476
LCVLHEKTPVSEK(7)-VTKCCTESLVNR(3),3,Carbamidomethyl[C](2);Carbamidomethyl[C](20);Carbamidomethyl[C](21),1055.179851,3581.482741,3587.404705,5,7.655585E-10,5.991795E-04,9.076398E-03,3554.000000,3601.980000,3578.023440,8.730268,3551.832637,3604.214243
LVTDLTKVHKECCHGDLLECADDR(7)-ALKAWSVAR(3),5,Carbamidomethyl[C](12);Carbamidomethyl[C](13);Carbamidomethyl[C](20),809.390621,4439.601538,4473.945724,8,1.507210E-09,6.181692E-04,5.427696E-02,4430.060000,4496.370000,4451.699783,14.691479,4407.625345,4495.774221
AEFVEVTKLVTDLTK(8)-KVPQVSTPTLVEVSR(1),3,null,1163.963518,5622.048225,5625.775109,2,8.674977E-13,6.267349E-04,8.433540E-04,5602.590000,5644.440000,5621.384310,8.028015,5597.300266,5645.468355
VTKCCTESLVNR(3)-CASIQKFGER(6),3,Carbamidomethyl[C](4);Carbamidomethyl[C](5);Carbamidomethyl[C](16),940.436184,3578.258588,3607.003673,8,2.543969E-11,6.370342E-04,1.248153E-01,3568.310000,3623.650000,3586.730437,6.233996,3568.028448,3605.432425
LKECCDKPLLEKSHCIAEVEK(12)-ADLAKYICDNQDTISSK(5),5,Carbamidomethyl[C](4);Carbamidomethyl[C](5);Carbamidomethyl[C](15);Carbamidomethyl[C](32),937.844021,4445.541126,4448.771782,2,6.157852E-08,6.973190E-04,3.491591E-03,4433.060000,4457.410000,4444.430517,3.695892,4433.342842,4455.518193
KVPQVSTPTLVEVSR(1)-LSQKFPK(4),3,null,882.150851,4438.645698,4442.390337,4,8.576954E-06,7.214758E-04,2.569426E-03,4427.090000,4454.480000,4439.445714,3.650532,4428.494117,4450.397311
LKPDPNTLCDEFKADEK(2)-SLGKVGTR(4),4,Carbamidomethyl[C](9),749.369207,4202.682558,4205.606728,2,4.931208E-06,7.319764E-04,2.803422E-01,4182.410000,4209.150000,4194.686587,4.249979,4181.936651,4207.436523
LSQKFPKAEFVEVTK(7)-YICDNQDTISSKLK(12),5,Carbamidomethyl[C](21),719.364021,4650.680449,4656.544060,4,9.861458E-08,7.890985E-04,2.965445E-02,4631.460000,4670.400000,4650.186207,5.235396,4634.480020,4665.892395
VTKCCTESLVNR(3)-FKDLGEEHFK(2),5,Carbamidomethyl[C](4);Carbamidomethyl[C](5),575.471221,3669.187994,3669.187994,1,2.225006E-05,8.015751E-04,8.015751E-04,3653.660000,3674.030000,3664.087163,2.808991,3655.660191,3672.514135
VTKCCTESLVNR(3)-CASIQKFGER(6),4,Carbamidomethyl[C](4);Carbamidomethyl[C](5);Carbamidomethyl[C](16),705.578957,3577.819605,3598.364405,8,5.529266E-09,8.600411E-04,6.504405E-03,3568.310000,3617.050000,3586.976289,6.455352,3567.610232,3606.342346
FKDLGEEHFK(2)-SLGKVGTR(4),3,null,742.040518,3495.098210,3498.174498,2,1.106181E-04,8.826754E-04,5.871891E-02,3480.760000,3504.790000,3492.467899,3.158933,3482.991102,3501.944697
KVPQVSTPTLVEVSR(1)-HKPKATEEQLK(4),4,null,777.170707,3630.528803,3709.613649,11,1.766254E-06,9.357276E-04,5.472664E-01,3620.090000,3722.840000,3638.513511,6.849499,3617.965014,3659.062009
CASIQKFGER(6)-ALKAWSVAR(3),4,Carbamidomethyl[C](1),589.298957,4145.619616,4145.619616,1,2.038599E-08,9.385176E-04,9.385176E-04,4124.900000,4158.060000,4141.137296,6.216207,4122.488675,4159.785917
TPVSEKVTK(6)-SLGKVGTR(4),3,null,655.022518,2786.486124,2788.868303,3,1.848248E-04,1.049093E-03,3.584942E-02,2783.810000,2792.600000,2786.857002,1.064282,2783.664157,2790.049847
KVPQVSTPTLVEVSR(1)-SLGKVGTR(4),3,null,872.145851,4317.188239,4322.633818,6,7.322205E-05,1.081623E-03,2.200769E-02,4308.330000,4328.440000,4319.067778,2.013865,4313.026184,4325.109372
YICDNQDTISSKLK(12)-FPKAEFVEVTK(3),3,Carbamidomethyl[C](3),1046.178851,4768.403648,4774.324129,5,3.555935E-07,1.144880E-03,1.250711E-01,4751.620000,4802.330000,4774.819285,7.815462,4751.372897,4798.265672
RPCFSALTPDETYVPKAFDEK(16)-KVPQVSTPTLVEVSR(1),5,Carbamidomethyl[C](3),854.430821,5048.261961,5053.288081,4,2.245493E-08,1.212473E-03,1.175398E-02,5038.960000,5062.840000,5046.249507,2.437695,5038.936423,5053.562591
LFTFHADICTLPDTEKQIK(16)-KQTALVELLK(1),4,Carbamidomethyl[C](9),894.972707,5234.572059,5241.175126,4,2.989159E-10,1.275616E-03,3.976760E-01,5224.320000,5245.230000,5232.894863,1.678312,5227.859927,5237.929800
ALKAWSVAR(3)-LSQKFPK(4),4,null,502.277707,3954.246779,3957.787304,2,1.345735E-04,1.349016E-03,2.557929E-02,3939.910000,3973.230000,3951.927453,4.453996,3938.565466,3965.289440
CCTKPESER(4)-EKVLASSAR(2),4,Carbamidomethyl[C](1);Carbamidomethyl[C](2),571.764707,2278.193635,2282.798636,2,9.851034E-09,1.380497E-03,6.098593E-03,2259.220000,2334.080000,2308.306338,10.426813,2277.025898,2339.586778
FKDLGEEHFK(2)-DTHKSEIAHR(4),3,null,867.411518,2676.654342,2923.782403,13,5.504252E-08,1.404372E-03,3.203114E-01,2666.630000,2928.680000,2718.079621,82.762693,2469.791543,2966.367699
VHKECCHGDLLECADDR(3)-ALKAWSVAR(3),6,Carbamidomethyl[C](5);Carbamidomethyl[C](6);Carbamidomethyl[C](13),546.251064,3725.566340,3738.304996,7,1.281516E-09,1.647644E-03,1.325914E-02,3713.870000,3765.050000,3731.999846,8.825948,3705.522002,3758.477690
KVPQVSTPTLVEVSR(1)-LCVLHEKTPVSEK(7),5,Carbamidomethyl[C](20),668.156621,4456.926689,4495.130673,6,1.963073E-07,1.703186E-03,3.560874E-01,4442.100000,4502.250000,4471.484037,12.091819,4435.208580,4507.759495
FKDLGEEHFK(2)-SLGKVGTR(4),4,null,556.782207,3495.431820,3497.540641,2,2.624851E-05,1.737793E-03,7.556365E-03,3477.830000,3504.790000,3491.658032,3.488992,3481.191056,3502.125009
LVTDLTKVHKECCHGDLLECADDR(7)-ALKAWSVAR(3),4,Carbamidomethyl[C](12);Carbamidomethyl[C](13);Carbamidomethyl[C](20),1011.486457,4439.144175,4473.423614,8,8.176519E-10,1.752286E-03,2.677908E-02,4430.060000,4484.490000,4449.745209,12.335601,4412.738406,4486.752011
VTKCCTESLVNR(3)-LSQKFPK(4),3,Carbamidomethyl[C](4);Carbamidomethyl[C](5),824.407851,3378.762096,3381.716153,3,2.754566E-04,1.884851E-03,1.692839E-02,3364.890000,3385.940000,3376.325868,2.721343,3368.161838,3384.489897
CASIQKFGER(6)-ALKAWSVAR(3),3,Carbamidomethyl[C](1),785.396184,4142.812559,4147.030311,3,9.350020E-07,2.101123E-03,5.488119E-02,4127.890000,4155.120000,4142.718359,3.964812,4130.823924,4154.612794
CCTKPESER(4)-SLGKVGTR(4),4,Carbamidomethyl[C](1);Carbamidomethyl[C](2),535.999957,2247.523479,2285.160071,10,1.327439E-05,2.225402E-03,3.511307E-01,2244.350000,2300.820000,2255.223157,5.261329,2239.439170,2271.007144
CCTKPESER(4)-LSQKFPK(4),4,Carbamidomethyl[C](1);Carbamidomethyl[C](2),543.503707,2524.935074,2596.009399,16,6.822493E-07,2.309182E-03,1.587404E-01,2517.480000,2627.130000,2547.989607,8.660972,2522.006691,2573.972523
ETYGDMADCCEKQEPER(12)-LCVLHEKTPVSEK(7),4,Carbamidomethyl[C](9);Carbamidomethyl[C](10);Carbamidomethyl[C](22),954.414707,3576.616746,3585.440633,6,5.261889E-09,2.311556E-03,6.013775E-01,3565.320000,3589.820000,3577.465175,2.799034,3569.068073,3585.862277
ALKAWSVAR(3)-LSQKFPK(4),3,null,669.367851,3952.905318,3959.341024,2,2.537741E-05,2.409725E-03,4.109565E-03,3936.840000,3970.270000,3952.235916,4.382358,3939.088842,3965.382990
CCTKPESER(4)-SLGKVGTR(4),3,Carbamidomethyl[C](1);Carbamidomethyl[C](2),714.330851,2246.920363,2285.292087,12,5.933268E-05,2.460468E-03,2.924702E-01,2244.350000,2302.990000,2255.424629,5.184166,2239.872130,2270.977128
RHPYFYAPELLYYANKYNGVFQECCQAEDK(16)-GACLLPKIETMR(7),6,Carbamidomethyl[C](24);Carbamidomethyl[C](25);Carbamidomethyl[C](36),887.414397,5625.701355,5638.859886,4,4.984442E-05,2.565150E-03,6.473322E-01,5578.580000,5674.470000,5620.110440,24.442910,5546.781709,5693.439170
VHKECCHGDLLECADDR(3)-ALKAWSVAR(3),3,Carbamidomethyl[C](5);Carbamidomethyl[C](6);Carbamidomethyl[C](13),1091.494851,3720.634367,3891.452490,10,1.052103E-13,3.046715E-03,6.586804E-01,3710.020000,3906.920000,3733.121526,11.603241,3698.311802,3767.931250
LSQKFPK(4)-SLGKVGTR(4),3,null,608.001184,3106.971072,3110.673241,2,1.254959E-03,3.914132E-03,3.967278E-03,3090.780000,3126.920000,3106.044236,5.077036,3090.813129,3121.275344
AEFVEVTKLVTDLTK(8)-LSQKFPK(4),3,null,899.818851,5354.564185,5360.717783,3,2.723969E-04,3.941440E-03,3.428436E-02,5337.910000,5379.960000,5358.915378,8.935810,5332.107949,5385.722807
LVTDLTKVHKECCHGDLLECADDR(7)-ALKAWSVAR(3),6,Carbamidomethyl[C](12);Carbamidomethyl[C](13);Carbamidomethyl[C](20),674.660064,4439.967532,4453.148542,4,2.964677E-10,4.530284E-03,3.657675E-02,4430.060000,4487.450000,4449.831040,12.202883,4413.222392,4486.439689
AEFVEVTKLVTDLTK(8)-KVPQVSTPTLVEVSR(1),4,null,873.224457,5619.738516,5622.292712,2,2.240060E-13,4.570371E-03,1.279908E-02,5599.500000,5644.440000,5620.897690,7.996293,5596.908811,5644.886569
LKPDPNTLCDEFK(2)-SLGKVGTR(4),4,Carbamidomethyl[C](9),638.568707,4298.523226,4304.966791,3,4.740625E-05,4.687908E-03,1.428848E-02,4284.410000,4308.330000,4296.661874,3.948407,4284.816652,4308.507097
KVPQVSTPTLVEVSR(1)-TPVSEKVTK(6),3,null,929.171851,4211.286574,4220.671574,6,1.082634E-05,4.810367E-03,1.452541E-01,4203.260000,4242.410000,4219.705196,6.487169,4200.243688,4239.166704
CCTKPESER(4)-LSQKFPK(4),3,Carbamidomethyl[C](1);Carbamidomethyl[C](2),724.335851,2525.106073,2689.778001,17,5.713410E-05,4.937925E-03,2.104542E-01,2517.480000,2699.930000,2548.448226,9.698770,2519.351917,2577.544535
LSQKFPKAEFVEVTK(7)-YICDNQDTISSKLK(12),4,Carbamidomethyl[C](21),898.953207,4646.909560,4650.121465,4,1.205871E-07,5.462344E-03,1.784301E-01,4637.460000,4667.450000,4650.026468,4.046369,4637.887362,4662.165574
DDSPDLPKLKPDPNTLCDEFKADEK(10)-SLGKVGTR(4),5,Carbamidomethyl[C](17),773.176221,4683.984191,4683.984191,1,2.098711E-04,5.722333E-03,5.722333E-03,4667.450000,4688.420000,4678.911772,2.653265,4670.951978,4686.871566
LSQKFPK(4)-SLGKVGTR(4),4,null,456.252707,3107.637428,3107.637428,1,2.039360E-03,5.936095E-03,5.936095E-03,3090.780000,3126.920000,3105.979320,4.928949,3091.192473,3120.766166
FKDLGEEHFK(2)-SLGKVGTR(4),5,null,445.627221,3495.642813,3495.642813,1,2.252315E-05,6.419531E-03,6.419531E-03,3480.760000,3504.790000,3492.786093,2.984927,3483.831313,3501.740873
CCTKPESER(4)-EKVLASSAR(2),3,Carbamidomethyl[C](1);Carbamidomethyl[C](2),762.017184,2276.525321,2276.525321,1,1.442983E-05,6.478543E-03,6.478543E-03,2262.300000,2302.990000,2272.794064,8.177651,2248.261111,2297.327017
LCVLHEKTPVSEK(7)-LSQKFPK(4),4,Carbamidomethyl[C](2),636.835457,3585.731624,3592.048829,2,1.087483E-03,6.500723E-03,1.740819E-01,3574.350000,3601.980000,3585.035528,4.979353,3570.097470,3599.973586
CASIQKFGER(6)-SLGKVGTR(4),3,Carbamidomethyl[C](1),724.029518,3369.241478,3377.393645,4,2.257915E-04,6.741155E-03,6.361121E-01,3358.820000,3385.940000,3374.100135,4.134341,3361.697113,3386.503157
LVNELTEFAKTCVADESHAGCEK(10)-FKDLGEEHFK(2),5,Carbamidomethyl[C](12);Carbamidomethyl[C](21),803.769621,4865.449781,4865.449781,1,1.285800E-08,6.898766E-03,6.898766E-03,4852.370000,4870.150000,4861.654888,1.900379,4855.953752,4867.356024
CCTKPESERMPCTEDYLSLILNR(4)-LSQKFPK(4),5,Carbamidomethyl[C](1);Carbamidomethyl[C](2);Carbamidomethyl[C](12),776.167821,5127.909061,5135.374366,3,4.962017E-04,1.268574E-02,3.834321E-01,5115.490000,5139.510000,5126.500615,2.264171,5119.708102,5133.293128
CASIQKFGER(6)-SLGKVGTR(4),4,Carbamidomethyl[C](1),543.273957,3376.354160,3381.374154,2,7.454185E-04,1.300027E-02,1.658684E-02,3353.550000,3385.940000,3369.915168,8.374015,3344.793122,3395.037214
VTKCCTESLVNR(3)-SLGKVGTR(4),3,Carbamidomethyl[C](4);Carbamidomethyl[C](5),814.402851,3174.181376,3174.181376,1,3.599375E-03,1.365568E-02,1.365568E-02,3163.530000,3181.040000,3171.434282,2.182738,3164.886067,3177.982497
LVTDLTKVHKECCHGDLLECADDRADLAK(7)-ALKAWSVAR(3),5,Carbamidomethyl[C](12);Carbamidomethyl[C](13);Carbamidomethyl[C](20),909.046621,4479.976076,4479.976076,1,1.243896E-07,1.380382E-02,1.380382E-02,4469.510000,4487.450000,4478.347419,3.310791,4468.415045,4488.279792
CCTKPESERMPCTEDYLSLILNR(4)-SLGKVGTR(4),5,Carbamidomethyl[C](1);Carbamidomethyl[C](2);Carbamidomethyl[C](12),770.164821,5103.516970,5117.914331,4,7.247417E-04,1.426596E-02,2.016610E-02,5092.540000,5130.510000,5110.714773,7.888316,5087.049826,5134.379720
LCVLHEKTPVSEK(7)-SLGKVGTR(4),3,Carbamidomethyl[C](2),838.773184,3407.000959,3412.527562,3,4.032525E-04,1.622442E-02,6.494710E-02,3396.740000,3417.570000,3404.799299,2.039146,3398.681861,3410.916738
EKVLASSAR(2)-LSQKFPK(4),4,null,492.017207,2813.701892,2894.838434,9,1.372798E-03,1.694587E-02,2.422286E-01,2803.810000,2903.510000,2824.992676,19.472142,2766.576251,2883.409102
GACLLPKIETMR(7)-SLGKVGTR(4),3,Carbamidomethyl[C](3),788.412851,4624.157412,4630.705752,2,1.014341E-04,1.747851E-02,4.758097E-01,4601.520000,4649.530000,4624.492759,7.575237,4601.767048,4647.218470
DTHKSEIAHR(4)-LVTDLTKVHK(7),5,null,501.664221,2609.199187,2612.746198,2,5.901243E-03,1.753097E-02,2.665297E-02,2597.100000,2621.050000,2608.812544,2.824394,2600.339362,2617.285726
CCTKPESERMPCTEDYLSLILNR(4)-EKVLASSAR(2),4,Carbamidomethyl[C](1);Carbamidomethyl[C](2);Carbamidomethyl[C](12),998.218707,5181.921611,5253.178937,8,1.519022E-07,1.820368E-02,5.984594E-01,5169.400000,5278.000000,5227.084702,22.856567,5158.515001,5295.654403
CCTKPESERMPCTEDYLSLILNR(4)-LSQKFPK(4),4,Carbamidomethyl[C](1);Carbamidomethyl[C](2);Carbamidomethyl[C](12);Oxidation[M](10),973.956457,5059.432659,5059.432659,1,3.356276E-04,1.878542E-02,1.878542E-02,5044.920000,5068.800000,5056.564951,3.694981,5045.480009,5067.649893
SHCIAEVEKDAIPENLPPLTADFAEDKDVCK(9)-LKECCDKPLLEK(7),5,Carbamidomethyl[C](3);Carbamidomethyl[C](30);Carbamidomethyl[C](38);Carbamidomethyl[C](39),1041.095621,5120.814125,5125.719368,3,3.599657E-02,1.898404E-02,6.800829E-01,5109.490000,5136.540000,5122.446734,2.995981,5113.458790,5131.434679
AFDEKLFTFHADICTLPDTEK(5)-KVPQVSTPTLVEVSR(1),5,Carbamidomethyl[C](14),859.830821,5238.770324,5238.770324,1,1.000000E+00,2.002432E-02,2.002432E-02,5227.360000,5242.260000,5233.795071,1.080948,5230.552226,5237.037916
KVPQVSTPTLVEVSR(1)-GACLLPKIETMR(7),4,Carbamidomethyl[C](21),797.173707,5079.649010,5079.649010,1,1.515228E-05,2.102899E-02,2.102899E-02,5044.920000,5089.590000,5072.167628,7.074813,5050.943188,5093.392068
ALKAWSVAR(3)-SLGKVGTR(4),3,null,659.362851,3751.314147,3760.408650,4,1.166503E-03,2.119100E-02,3.605481E-01,3741.210000,3765.050000,3754.615850,2.195691,3748.028776,3761.202924
ALKAWSVAR(3)-TPVSEKVTK(6),3,null,716.389184,3670.190228,3670.190228,1,3.147776E-03,2.248182E-02,2.248182E-02,3646.990000,3679.920000,3664.459425,5.074846,3649.234887,3679.683963
CCTKPESERMPCTEDYLSLILNR(4)-ALKAWSVAR(3),5,Carbamidomethyl[C](1);Carbamidomethyl[C](2);Carbamidomethyl[C](12);Oxidation[M](10),810.183821,4901.615800,4901.615800,1,5.862299E-05,2.362249E-02,2.362249E-02,4891.140000,4910.160000,4901.824478,2.007860,4895.800897,4907.848059
ETYGDMADCCEKQEPER(12)-LCVLHEKTPVSEK(7),5,Carbamidomethyl[C](9);Carbamidomethyl[C](10);Carbamidomethyl[C](22),763.733221,3578.887184,3581.215121,2,1.327462E-06,2.490442E-02,2.614395E-01,3568.310000,3589.820000,3578.917097,2.188995,3572.350112,3585.484082
RHPYFYAPELLYYANKYNGVFQECCQAEDK(16)-FWGKYLYEIAR(4),6,Carbamidomethyl[C](24);Carbamidomethyl[C](25),896.917564,5381.924070,5403.408116,2,2.370488E-03,3.311542E-02,7.970734E-02,5370.960000,5422.270000,5395.367984,15.574372,5348.644867,5442.091102
VTKCCTESLVNR(3)-LSQKFPK(4),4,Carbamidomethyl[C](4);Carbamidomethyl[C](5),618.557707,3378.933607,3378.933607,1,8.043064E-04,4.204300E-02,4.204300E-02,3364.890000,3385.940000,3375.730829,3.138912,3366.314094,3385.147565
KVPQVSTPTLVEVSR(1)-FPKAEFVEVTK(3),3,null,1031.217518,4947.545322,4947.545322,1,8.910742E-05,4.492008E-02,4.492008E-02,4934.030000,4955.030000,4941.187735,2.096699,4934.897637,4947.477832
CCTKPESERMPCTEDYLSLILNR(4)-EKVLASSAR(2),5,Carbamidomethyl[C](1);Carbamidomethyl[C](2);Carbamidomethyl[C](12),798.776421,5182.067729,5193.997410,5,3.960398E-05,4.793397E-02,5.390627E-01,5169.400000,5200.280000,5181.172109,3.467905,5170.768394,5191.575824
KVPQVSTPTLVEVSR(1)-HKPKATEEQLK(2),5,null,621.938021,3632.167744,3632.167744,1,1.537606E-05,5.238341E-02,5.238341E-02,3620.090000,3662.050000,3638.194085,4.725675,3624.017058,3652.371111
KVPQVSTPTLVEVSR(1)-HKPKATEEQLK(4),6,null,518.449564,3642.220482,3646.583612,2,9.191765E-06,8.091867E-02,2.575312E-01,3626.090000,3653.660000,3637.482112,2.900092,3628.781835,3646.182388
CCTKPESERMPCTEDYLSLILNR(4)-LSQKFPK(4),4,Carbamidomethyl[C](1);Carbamidomethyl[C](2);Carbamidomethyl[C](12),969.957957,5126.586601,5127.982313,4,9.961639E-06,1.103756E-01,3.237993E-01,5107.470000,5166.400000,5125.735028,8.689967,5099.665126,5151.804931
DTHKSEIAHR(4)-SLGKVGTR(4),4,null,542.777457,1904.652783,1904.652783,1,2.079259E-02,1.274006E-01,1.274006E-01,1891.950000,1911.850000,1902.024472,3.546319,1891.385517,1912.663428
GACLLPKIETMREK(7)-GACLLPKIETMREK(7),3,Carbamidomethyl[C](3);Carbamidomethyl[C](20),1150.254518,6286.741486,6286.741486,1,1.000000E+00,1.349270E-01,1.349270E-01,6267.110000,6314.050000,6285.553509,8.839668,6259.034505,6312.072513
RHPYFYAPELLYYANKYNGVFQECCQAEDKGACLLPK(16)-CCTKPESER(4),6,Carbamidomethyl[C](24);Carbamidomethyl[C](25);Carbamidomethyl[C](33);Carbamidomethyl[C](41);Carbamidomethyl[C](42),973.607564,5451.524075,5451.524075,1,7.238095E-01,1.623154E-01,1.623154E-01,5434.220000,5458.240000,5449.339146,6.798743,5428.942918,5469.735375
SHCIAEVEKDAIPENLPPLTADFAEDKDVCK(9)-LKECCDKPLLEK(7),4,Carbamidomethyl[C](3);Carbamidomethyl[C](30);Carbamidomethyl[C](38);Carbamidomethyl[C](39),1301.117707,5125.596506,5125.596506,1,7.974624E-04,2.341078E-01,2.341078E-01,5115.490000,5130.510000,5123.019451,1.505938,5118.501638,5127.537264
KVPQVSTPTLVEVSR(1)-CCTKPESER(4),4,Carbamidomethyl[C](19);Carbamidomethyl[C](20),741.612207,3950.692627,3953.994407,2,1.108508E-04,2.510745E-01,4.151703E-01,3933.860000,3961.430000,3948.394101,3.646834,3937.453599,3959.334603
DTHKSEIAHR(4)-LVTDLTKVHK(7),3,null,835.435518,2611.457480,2611.457480,1,2.470379E-01,2.534682E-01,2.534682E-01,2600.900000,2621.050000,2608.692745,2.540287,2601.071885,2616.313605
ETYGDMADCCEKQEPER(12)-LCVLHEKTPVSEK(7),3,Carbamidomethyl[C](9);Carbamidomethyl[C](10);Carbamidomethyl[C](22),1272.217184,3579.499171,3579.499171,1,2.286941E-02,2.674126E-01,2.674126E-01,3568.310000,3586.820000,3576.958798,2.071280,3570.744957,3583.172639
YICDNQDTISSKLK(12)-FPKAEFVEVTK(3),4,Carbamidomethyl[C](3),784.885957,4775.250975,4778.269144,3,1.723835E-05,2.897160E-01,5.829665E-01,4757.670000,4808.330000,4776.618523,7.583984,4753.866569,4799.370476
CCTKPESERMPCTEDYLSLILNR(4)-EKVLASSAR(2),3,Carbamidomethyl[C](1);Carbamidomethyl[C](2);Carbamidomethyl[C](12);Oxidation[M](10),1335.954184,5296.578511,5296.578511,1,2.325413E-03,3.195636E-01,3.195636E-01,5218.360000,5307.780000,5235.433554,9.737763,5206.220266,5264.646842
SHCIAEVEKDAIPENLPPLTADFAEDKDVCK(9)-LKECCDKPLLEK(7),6,Carbamidomethyl[C](3);Carbamidomethyl[C](30);Carbamidomethyl[C](38);Carbamidomethyl[C](39),867.747564,5125.290644,5125.290644,1,1.983772E-01,3.402492E-01,3.402492E-01,5115.490000,5133.540000,5123.967547,1.683105,5118.918233,5129.016861
AFDEKLFTFHADICTLPDTEK(5)-LCVLHEKTPVSEK(7),4,Carbamidomethyl[C](14);Carbamidomethyl[C](26),1049.507207,5074.088057,5074.088057,1,7.984071E-03,3.403601E-01,3.403601E-01,5062.840000,5080.690000,5071.905979,2.162188,5065.419415,5078.392543
EKVLASSAR(2)-LSQKFPK(4),3,null,655.687184,2857.135082,2891.410907,3,3.612195E-02,3.642773E-01,6.871077E-01,2845.030000,2900.020000,2869.100112,12.391253,2831.926353,2906.273871
VTKCCTESLVNR(3)-SLGKVGTR(4),4,Carbamidomethyl[C](4);Carbamidomethyl[C](5),611.053957,3176.206957,3176.206957,1,2.042139E-02,4.232690E-01,4.232690E-01,3163.530000,3181.040000,3171.336068,1.928353,3165.551009,3177.121127
CCTKPESERMPCTEDYLSLILNR(4)-EKVLASSAR(2),4,Carbamidomethyl[C](1);Carbamidomethyl[C](2);Carbamidomethyl[C](12);Oxidation[M](10),1002.217457,5273.734510,5273.734510,1,1.006389E-06,4.923888E-01,4.923888E-01,5215.410000,5304.770000,5234.514341,9.147856,5207.070772,5261.957910
RHPYFYAPELLYYANKYNGVFQECCQAEDK(16)-FWGKYLYEIAR(4),5,Carbamidomethyl[C](24);Carbamidomethyl[C](25),1076.099621,5415.907780,5866.058482,4,7.521171E-01,5.009947E-01,5.979888E-01,5385.900000,5899.960000,5805.789353,146.579102,5366.052046,6245.526660
LFTFHADICTLPDTEKQIK(16)-KQTALVELLK(1),5,Carbamidomethyl[C](9),716.179621,5237.724847,5237.724847,1,1.496035E-01,5.439384E-01,5.439384E-01,5224.320000,5242.260000,5233.077916,1.010626,5230.046039,5236.109793
EACFAVEGPKLVVSTQTALA(10)-CCTKPESER(4),3,Carbamidomethyl[C](3);Carbamidomethyl[C](24);Carbamidomethyl[C](25),1138.860851,5359.096820,5361.654118,2,5.536583E-01,6.321118E-01,6.855353E-01,5340.890000,5434.220000,5367.607587,11.742540,5332.379968,5402.835206
CCTKPESERMPCTEDYLSLILNR(4)-LSQKFPK(4),3,Carbamidomethyl[C](1);Carbamidomethyl[C](2);Carbamidomethyl[C](12),1292.941518,5129.554648,5129.554648,1,1.242916E-05,6.658637E-01,6.658637E-01,5118.540000,5133.540000,5126.228850,1.486468,5121.769445,5130.688256
RHPYFYAPELLYYANKYNGVFQECCQAEDK(16)-FWGKYLYEIAR(4),4,Carbamidomethyl[C](24);Carbamidomethyl[C](25),1344.872707,5864.361780,5864.361780,1,1.000000E+00,6.703179E-01,6.703179E-01,5851.630000,6002.720000,5921.718248,39.178166,5804.183750,6039.252745
