pep_pair,charge,mods,theo_m/z,id_rt_min,id_rt_max,spec_cnt,svm_best,svm_worst,pq_rt_min,pq_rt_max,fit_chrom_mean,fit_chrom_std,mean-3std,mean+3std
ATEEQLKTVMENFVAFVDK(7)-KQTALVELLK(1),4,null,875.457957,2964.408094,3025.410339,4,9.816657E-08,6.560606E-02,2952.140000,3052.830000,2986.587384,13.475725,2946.160210,3027.014558
NYQEAKDAFLGSFLYEYSR(6)-LAKEYEATLEECCAK(3),3,Carbamidomethyl[C](34);Carbamidomethyl[C](35),1424.974184,2372.920418,2415.816406,8,4.578609E-07,6.658193E-02,2363.610000,2429.010000,2387.691829,9.221097,2360.028540,2415.355119
LAKEYEATLEECCAK(3)-DDPHACYSTVFDKLK(13),4,Carbamidomethyl[C](12);Carbamidomethyl[C](13);Carbamidomethyl[C](24),942.669957,1921.162890,1954.902570,5,1.047713E-06,1.031671E-01,1911.100000,1978.960000,1930.319949,13.518116,1889.765600,1970.874297
LKPDPNTLCDEFKADEK(2)-KFWGKYLYEIAR(5),5,Carbamidomethyl[C](9),750.969421,2142.106750,2151.388485,2,1.246712E-06,1.316608E-04,2139.250000,2157.520000,2143.393295,4.202765,2130.785001,2156.001589
HLVDEPQNLIKQNCDQFEK(11)-KVPQVSTPTLVEVSR(1),5,Carbamidomethyl[C](14),831.220621,1944.800755,1976.322258,2,1.327383E-06,1.198315E-03,1934.990000,1987.930000,1960.964186,13.876083,1919.335939,2002.592434
NYQEAKDAFLGSFLYEYSR(6)-LAKEYEATLEECCAK(3),4,Carbamidomethyl[C](34);Carbamidomethyl[C](35),1068.982457,2372.835186,2432.764173,7,1.537733E-06,9.534532E-05,2363.610000,2461.860000,2392.707650,10.805257,2360.291879,2425.123420
ATEEQLKTVMENFVAFVDK(7)-KVPQVSTPTLVEVSR(1),4,null,999.763957,2836.017403,2843.341342,2,2.094696E-06,4.305884E-05,2822.670000,2861.140000,2840.945089,6.768586,2820.639332,2861.250846
QNCDQFEKLGEYGFQNALIVR(8)-ATEEQLKTVMENFVAFVDK(7),4,Carbamidomethyl[C](3),1222.084457,2970.142334,3224.765027,17,2.149657E-06,1.324555E-01,2952.140000,3226.340000,3066.565750,44.579252,2932.827994,3200.303507
KVPQVSTPTLVEVSR(1)-HKPKATEEQLK(4),3,null,1035.891851,1481.868268,1788.572053,13,2.489565E-06,6.003985E-01,1480.920000,1789.400000,1527.292068,26.341504,1448.267557,1606.316579
FPKAEFVEVTK(3)-ALKAWSVAR(3),4,null,614.077957,1938.632045,1970.829521,2,3.086407E-06,5.564849E-05,1925.990000,1987.930000,1953.708867,16.163655,1905.217901,2002.199832
FKDLGEEHFK(2)-DTHKSEIAHR(4),6,null,434.209397,1225.391623,1546.805017,22,3.093823E-06,1.543821E-03,1220.410000,1551.540000,1357.341682,39.591218,1238.568028,1476.115337
KVPQVSTPTLVEVSR(1)-HKPKATEEQLK(4),4,null,777.170707,1481.730881,1800.822195,21,3.341458E-06,6.225613E-01,1480.700000,1804.300000,1523.109434,30.190020,1432.539373,1613.679496
LAKEYEATLEECCAK(3)-LKHLVDEPQNLIK(2),4,Carbamidomethyl[C](12);Carbamidomethyl[C](13),880.435707,1755.120567,1827.693978,7,4.734641E-06,1.347676E-02,1749.760000,1837.620000,1783.564519,28.537111,1697.953185,1869.175852
LCVLHEKTPVSEK(7)-CASIQKFGER(6),5,Carbamidomethyl[C](2);Carbamidomethyl[C](17),579.286821,1506.669966,1577.287293,5,4.891533E-06,7.153406E-02,1502.030000,1578.480000,1545.413499,25.773764,1468.092208,1622.734791
LAKEYEATLEECCAK(3)-CASIQKFGER(6),4,Carbamidomethyl[C](12);Carbamidomethyl[C](13);Carbamidomethyl[C](19),792.609207,1591.345949,1644.025005,4,5.467410E-06,1.006380E-04,1590.300000,1654.270000,1618.879376,24.439281,1545.561533,1692.197220
QNCDQFEKLGEYGFQNALIVR(8)-ATEEQLKTVMENFVAFVDK(7),5,Carbamidomethyl[C](3),977.869021,3033.727120,3042.950979,3,5.668389E-06,2.752416E-03,3026.960000,3064.010000,3046.638244,7.529518,3024.049691,3069.226798
ATEEQLKTVMENFVAFVDK(7)-KQTALVELLK(1),3,null,1166.941851,2964.204626,3022.701897,6,6.228306E-06,2.651883E-03,2952.140000,3058.250000,2988.651945,13.514506,2948.108427,3029.195464
LKPDPNTLCDEFK(2)-KFWGKYLYEIAR(5),4,Carbamidomethyl[C](9),827.659457,2198.667208,2205.647269,2,6.520845E-06,1.881882E-04,2190.200000,2221.610000,2204.975781,6.675136,2184.950373,2225.001188
ECCDKPLLEKSHCIAEVEK(10)-ADLAKYICDNQDTISSK(5),5,Carbamidomethyl[C](2);Carbamidomethyl[C](3);Carbamidomethyl[C](13);Carbamidomethyl[C](30),889.608221,1796.120489,1845.318004,3,6.693948E-06,3.339996E-03,1791.170000,1848.870000,1819.101480,22.339629,1752.082592,1886.120367
KVPQVSTPTLVEVSR(1)-VTKCCTESLVNR(3),4,Carbamidomethyl[C](22);Carbamidomethyl[C](23),816.666207,1737.027057,1786.947700,4,8.332822E-06,1.055536E-02,1730.810000,1795.900000,1753.988249,19.376788,1695.857884,1812.118614
FKDLGEEHFK(2)-DTHKSEIAHR(4),5,null,520.849821,1220.433009,1660.244606,33,8.461294E-06,8.223201E-02,1218.880000,1667.590000,1352.902475,47.673533,1209.881875,1495.923075
LAKEYEATLEECCAKDDPHACYSTVFDK(3)-VTKCCTESLVNR(3),5,Carbamidomethyl[C](12);Carbamidomethyl[C](13);Carbamidomethyl[C](21);Carbamidomethyl[C](35);Carbamidomethyl[C](36),995.639821,1693.206099,1755.432280,7,8.819822E-06,6.849030E-05,1692.040000,1756.360000,1728.592128,22.398856,1661.395559,1795.788697
NYQEAKDAFLGSFLYEYSR(6)-ALKAWSVAR(3),3,null,1153.894184,2477.064762,2492.918201,6,9.966212E-06,5.477848E-03,2472.690000,2511.460000,2491.518389,7.483421,2469.068125,2513.968653
LAKEYEATLEECCAK(3)-VTKCCTESLVNR(3),4,Carbamidomethyl[C](12);Carbamidomethyl[C](13);Carbamidomethyl[C](22);Carbamidomethyl[C](23),860.389207,1524.151494,1580.841444,4,1.110838E-05,6.343382E-05,1522.100000,1609.470000,1556.801624,27.816377,1473.352494,1640.250753
NYQEAKDAFLGSFLYEYSR(6)-ALKAWSVAR(3),4,null,865.672457,2478.636847,2492.781209,3,1.242485E-05,6.821150E-04,2473.660000,2509.800000,2492.712902,6.434079,2473.410665,2512.015140
LAKEYEATLEECCAK(3)-VTKCCTESLVNR(3),3,Carbamidomethyl[C](12);Carbamidomethyl[C](13);Carbamidomethyl[C](22);Carbamidomethyl[C](23),1146.849851,1523.569538,1579.312487,5,1.464349E-05,5.159006E-05,1522.100000,1609.470000,1550.797221,26.896046,1470.109082,1631.485361
LKECCDKPLLEKSHCIAEVEK(12)-ADLAKYICDNQDTISSK(5),5,Carbamidomethyl[C](4);Carbamidomethyl[C](5);Carbamidomethyl[C](15);Carbamidomethyl[C](32),937.844021,1747.081797,1790.720332,5,1.484400E-05,1.228822E-03,1742.050000,1804.300000,1781.937675,17.448816,1729.591226,1834.284125
ECCDKPLLEKSHCIAEVEK(10)-ADLAKYICDNQDTISSK(5),4,Carbamidomethyl[C](2);Carbamidomethyl[C](3);Carbamidomethyl[C](13);Carbamidomethyl[C](30),1111.758457,1793.610544,1845.181004,3,1.611249E-05,4.111074E-05,1790.200000,1848.870000,1811.203211,20.679039,1749.166095,1873.240327
LKECCDKPLLEKSHCIAEVEK(7)-ADLAKYICDNQDTISSK(5),5,Carbamidomethyl[C](4);Carbamidomethyl[C](5);Carbamidomethyl[C](15);Carbamidomethyl[C](32),937.844021,1776.995749,1776.995749,1,1.936740E-05,1.936740E-05,1774.790000,1777.910000,1775.513911,0.389006,1774.346892,1776.680930
AEFVEVTKLVTDLTK(8)-ALKAWSVAR(3),4,null,713.637207,2517.016936,2538.415615,4,1.953663E-05,3.529822E-04,2513.780000,2540.620000,2523.476304,7.292724,2501.598131,2545.354477
FPKAEFVEVTK(3)-ALKAWSVAR(3),3,null,818.434851,1938.375914,1969.641805,3,2.126557E-05,7.198343E-03,1925.990000,1984.970000,1950.071709,14.626101,1906.193407,1993.950012
LAKEYEATLEECCAK(3)-KVPQVSTPTLVEVSR(1),3,Carbamidomethyl[C](12);Carbamidomethyl[C](13),1204.592851,1839.460940,1878.356868,2,2.185847E-05,5.368472E-04,1834.320000,1880.310000,1859.110708,17.123874,1807.739087,1910.482330
KVPQVSTPTLVEVSR(1)-LKHLVDEPQNLIK(2),4,null,836.712707,1926.154251,1962.537739,5,2.223101E-05,1.716314E-04,1914.130000,1990.900000,1945.920019,18.160171,1891.439506,2000.400533
LKPDPNTLCDEFKADEK(2)-KFWGKYLYEIAR(5),4,Carbamidomethyl[C](9),938.459957,2147.944821,2164.613099,5,2.226661E-05,2.844266E-02,2143.140000,2175.590000,2150.586497,6.868057,2129.982326,2171.190669
TCVADESHAGCEKSLHTLFGDELCK(13)-KVPQVSTPTLVEVSR(1),5,Carbamidomethyl[C](2);Carbamidomethyl[C](11);Carbamidomethyl[C](24),933.045621,2003.089466,2038.763464,8,2.422018E-05,1.422847E-02,1999.510000,2042.950000,2014.414082,9.932031,1984.617988,2044.210175
LAKEYEATLEECCAK(3)-LKHLVDEPQNLIK(2),3,Carbamidomethyl[C](12);Carbamidomethyl[C](13),1173.578518,1756.934156,1805.201448,9,2.442204E-05,8.654813E-02,1751.130000,1806.450000,1779.249837,22.671361,1711.235754,1847.263919
VHKECCHGDLLECADDR(3)-ALKAWSVAR(3),5,Carbamidomethyl[C](5);Carbamidomethyl[C](6);Carbamidomethyl[C](13),655.299821,1511.947725,1701.926331,17,2.646397E-05,2.850020E-02,1509.020000,1713.240000,1546.471280,27.565879,1463.773643,1629.168917
LAKEYEATLEECCAK(3)-LKHLVDEPQNLIK(2),5,Carbamidomethyl[C](12);Carbamidomethyl[C](13),704.550021,1755.804801,1802.728278,3,2.710135E-05,5.913624E-04,1744.430000,1804.680000,1762.278296,8.976322,1735.349329,1789.207263
AEFVEVTKLVTDLTK(8)-ALKAWSVAR(3),3,null,951.180518,2508.818935,2555.862256,9,3.006556E-05,2.371023E-03,2507.440000,2562.350000,2522.472916,8.739726,2496.253739,2548.692094
RHPYFYAPELLYYANKYNGVFQECCQAEDK(16)-LKECCDKPLLEK(7),5,Carbamidomethyl[C](24);Carbamidomethyl[C](25);Carbamidomethyl[C](37);Carbamidomethyl[C](38),1093.504421,2230.948362,2326.877023,10,3.027373E-05,1.284750E-01,2209.660000,2333.150000,2282.256791,11.534517,2247.653239,2316.860343
KVPQVSTPTLVEVSR(1)-VTKCCTESLVNR(3),3,Carbamidomethyl[C](22);Carbamidomethyl[C](23),1088.552518,1746.464568,1791.297942,3,3.301881E-05,1.416640E-03,1735.700000,1795.900000,1761.597066,20.777129,1699.265678,1823.928453
LVNELTEFAKTCVADESHAGCEK(10)-FKDLGEEHFK(2),6,Carbamidomethyl[C](12);Carbamidomethyl[C](21),669.975897,1978.630089,2004.147509,2,3.523272E-05,1.282818E-02,1965.760000,2016.170000,1993.189973,14.584749,1949.435727,2036.944219
TCVADESHAGCEKSLHTLFGDELCK(13)-KVPQVSTPTLVEVSR(1),4,Carbamidomethyl[C](2);Carbamidomethyl[C](11);Carbamidomethyl[C](24),1166.055207,2002.216090,2027.210891,3,3.543766E-05,3.707692E-04,1998.960000,2031.020000,2014.015771,10.575492,1982.289296,2045.742246
KVPQVSTPTLVEVSR(1)-ALKAWSVAR(3),4,null,700.386207,1930.296133,1963.135975,2,4.270294E-05,5.960041E-03,1914.130000,1975.940000,1939.769692,16.240013,1891.049653,1988.489731
FKDLGEEHFK(2)-DTHKSEIAHR(4),4,null,650.810457,1263.472064,1556.591464,47,4.533889E-05,3.410108E-02,1260.620000,1563.430000,1346.456786,41.758124,1221.182416,1471.731157
LAKEYEATLEECCAK(3)-ALKAWSVAR(3),3,Carbamidomethyl[C](12);Carbamidomethyl[C](13),991.809851,1698.604045,1794.374112,8,4.799288E-05,1.246123E-01,1693.970000,1795.900000,1729.054919,22.502563,1661.547229,1796.562609
LAKEYEATLEECCAKDDPHACYSTVFDK(3)-ALKAWSVAR(3),5,Carbamidomethyl[C](12);Carbamidomethyl[C](13);Carbamidomethyl[C](21),902.615821,1827.929375,1874.889086,6,5.275127E-05,7.751555E-03,1823.200000,1882.050000,1847.978927,17.896120,1794.290567,1901.667287
SHCIAEVEKDAIPENLPPLTADFAEDKDVCK(9)-CCTKPESER(4),5,Carbamidomethyl[C](3);Carbamidomethyl[C](30);Carbamidomethyl[C](35);Carbamidomethyl[C](36),967.838021,1964.512485,2015.882571,12,5.300189E-05,8.149243E-01,1958.950000,2016.720000,1986.782803,14.098140,1944.488383,2029.077222
HLVDEPQNLIKQNCDQFEK(11)-KVPQVSTPTLVEVSR(1),4,Carbamidomethyl[C](14),1038.773957,1944.142894,1984.991770,3,5.434791E-05,2.257319E-01,1928.980000,1990.900000,1967.385562,15.426343,1921.106534,2013.664591
QNCDQFEKLGEYGFQNALIVR(8)-ATEEQLKTVMENFVAFVDK(7),4,Carbamidomethyl[C](3);Oxidation[M](34),1226.082957,2652.151443,2660.559994,3,5.459302E-05,1.252688E-03,2643.020000,2681.010000,2662.476860,8.043256,2638.347092,2686.606628
FKDLGEEHFK(2)-SLGKVGTR(4),4,null,556.782207,1436.628334,1495.293986,3,6.053369E-05,1.139675E-01,1423.670000,1505.070000,1471.154104,26.919820,1390.394644,1551.913563
LVNELTEFAKTCVADESHAGCEK(10)-FKDLGEEHFK(2),5,Carbamidomethyl[C](12);Carbamidomethyl[C](21),803.769621,1974.064840,2003.633909,3,6.223131E-05,3.216709E-04,1965.760000,2016.170000,1986.457381,10.908750,1953.731131,2019.183631
LVNELTEFAKTCVADESHAGCEK(10)-FKDLGEEHFK(2),4,Carbamidomethyl[C](12);Carbamidomethyl[C](21),1004.460207,1973.893967,2003.368796,3,6.491675E-05,3.189651E-04,1965.760000,2016.170000,1988.527565,9.613430,1959.687274,2017.367856
LAKEYEATLEECCAK(3)-CASIQKFGER(6),3,Carbamidomethyl[C](12);Carbamidomethyl[C](13);Carbamidomethyl[C](19),1056.476518,1590.325846,1642.486435,6,6.504215E-05,3.746701E-04,1589.600000,1653.380000,1618.534236,24.601893,1544.728556,1692.339916
LAKEYEATLEECCAKDDPHACYSTVFDK(3)-NYQEAKDAFLGSFLYEYSR(6),4,Carbamidomethyl[C](12);Carbamidomethyl[C](13);Carbamidomethyl[C](21),1452.891207,2330.873070,2347.985819,3,8.284884E-05,1.385815E-03,2318.670000,2361.520000,2344.906255,7.273191,2323.086684,2366.725827
VHKECCHGDLLECADDRADLAK(3)-ALKAWSVAR(3),5,Carbamidomethyl[C](5);Carbamidomethyl[C](6);Carbamidomethyl[C](13),754.955821,1558.041212,2160.198982,35,8.352091E-05,6.105130E-01,1547.090000,2163.470000,1624.961540,38.245341,1510.225519,1739.697562
LAKEYEATLEECCAKDDPHACYSTVFDK(3)-NYQEAKDAFLGSFLYEYSR(6),5,Carbamidomethyl[C](12);Carbamidomethyl[C](13);Carbamidomethyl[C](21),1162.514421,2330.736062,2372.341425,3,1.027139E-04,5.982120E-02,2318.670000,2385.950000,2345.520638,8.460136,2320.140231,2370.901044
AFDEKLFTFHADICTLPDTEK(5)-KVPQVSTPTLVEVSR(1),5,Carbamidomethyl[C](14),859.830821,2316.579813,2339.292799,4,1.126987E-04,2.902143E-02,2308.230000,2346.990000,2328.456300,7.385061,2306.301116,2350.611484
FKDLGEEHFK(2)-DTHKSEIAHR(4),3,null,867.411518,1262.789446,1530.459178,34,1.230607E-04,7.519613E-01,1261.610000,1532.010000,1351.103823,44.426690,1217.823754,1484.383892
LKECCDKPLLEKSHCIAEVEK(12)-ADLAKYICDNQDTISSK(5),4,Carbamidomethyl[C](4);Carbamidomethyl[C](5);Carbamidomethyl[C](15);Carbamidomethyl[C](32),1172.053207,1746.944415,1790.857460,2,1.373735E-04,2.057732E-04,1741.410000,1804.300000,1772.573975,21.328319,1708.589018,1836.558933
LAKEYEATLEECCAKDDPHACYSTVFDK(3)-ALKAWSVAR(3),4,Carbamidomethyl[C](12);Carbamidomethyl[C](13);Carbamidomethyl[C](21),1128.017957,1830.552323,1872.860521,3,1.444547E-04,4.760456E-03,1823.200000,1898.410000,1859.006101,20.613184,1797.166548,1920.845654
VHKECCHGDLLECADDR(3)-ALKAWSVAR(3),6,Carbamidomethyl[C](5);Carbamidomethyl[C](6);Carbamidomethyl[C](13),546.251064,1513.444030,1581.361556,7,1.551210E-04,2.675616E-02,1510.360000,1582.110000,1538.684561,23.401266,1468.480764,1608.888358
LAKEYEATLEECCAKDDPHACYSTVFDK(3)-LKHLVDEPQNLIK(2),5,Carbamidomethyl[C](12);Carbamidomethyl[C](13);Carbamidomethyl[C](21),1011.677021,1859.886767,1898.437837,3,1.868794E-04,2.561990E-04,1848.680000,1910.450000,1873.247318,15.183700,1827.696216,1918.798419
LAKEYEATLEECCAK(3)-ALKAWSVAR(3),4,Carbamidomethyl[C](12);Carbamidomethyl[C](13),744.109207,1700.084934,1745.577325,4,1.889253E-04,3.045015E-04,1696.900000,1777.520000,1727.802439,21.937773,1661.989120,1793.615759
KVPQVSTPTLVEVSR(1)-HKPKATEEQLK(4),5,null,621.938021,1482.851234,1699.031158,11,1.904177E-04,5.335373E-01,1481.490000,1705.000000,1527.527420,32.774113,1429.205082,1625.849757
RPCFSALTPDETYVPKAFDEK(16)-KVPQVSTPTLVEVSR(1),4,Carbamidomethyl[C](3),1067.786707,2112.739919,2140.771241,5,1.929513E-04,3.641324E-02,2104.470000,2150.100000,2128.946250,10.903855,2096.234685,2161.657816
VHKECCHGDLLECADDRADLAK(3)-ALKAWSVAR(3),3,Carbamidomethyl[C](5);Carbamidomethyl[C](6);Carbamidomethyl[C](13),1257.588184,1584.000645,1629.792890,5,1.986693E-04,4.413921E-01,1583.190000,1630.590000,1594.148607,11.051669,1560.993598,1627.303615
LAKEYEATLEECCAK(3)-DDPHACYSTVFDKLK(13),3,Carbamidomethyl[C](12);Carbamidomethyl[C](13);Carbamidomethyl[C](24),1256.557518,1923.567686,1955.039719,3,2.022690E-04,6.482277E-03,1911.100000,1981.940000,1945.625443,15.809610,1898.196612,1993.054274
VHKECCHGDLLECADDR(3)-ALKAWSVAR(3),4,Carbamidomethyl[C](5);Carbamidomethyl[C](6);Carbamidomethyl[C](13),818.872957,1511.810584,1753.461986,14,2.069244E-04,5.247685E-01,1509.020000,1756.780000,1546.520644,27.500275,1464.019818,1629.021469
KVPQVSTPTLVEVSR(1)-TPVSEKVTK(6),4,null,697.130707,1659.394764,1708.125415,3,2.160618E-04,3.716481E-02,1654.080000,1716.140000,1694.379659,21.869118,1628.772304,1759.987014
VHKECCHGDLLECADDRADLAK(3)-ALKAWSVAR(3),4,Carbamidomethyl[C](5);Carbamidomethyl[C](6);Carbamidomethyl[C](13),943.442957,1582.407192,2096.616688,21,2.390569E-04,6.573750E-01,1580.650000,2107.450000,1620.786544,40.256135,1500.018138,1741.554949
KVPQVSTPTLVEVSR(1)-LKHLVDEPQNLIK(2),5,null,669.571621,1927.832455,1958.401480,2,2.430404E-04,3.832110E-02,1917.170000,1975.940000,1942.020012,17.371218,1889.906357,1994.133668
TCVADESHAGCEKSLHTLFGDELCK(13)-VTKCCTESLVNR(3),5,Carbamidomethyl[C](2);Carbamidomethyl[C](11);Carbamidomethyl[C](24);Carbamidomethyl[C](32);Carbamidomethyl[C](33),898.399821,1752.949506,1796.159073,3,2.511824E-04,1.149422E-02,1748.700000,1804.300000,1784.310436,20.298847,1723.413895,1845.206977
LKECCDKPLLEKSHCIAEVEK(12)-ADLAKYICDNQDTISSK(5),6,Carbamidomethyl[C](4);Carbamidomethyl[C](5);Carbamidomethyl[C](15);Carbamidomethyl[C](32),781.704564,1747.608269,1795.009468,3,2.595556E-04,3.366567E-04,1744.430000,1799.870000,1779.891320,18.876801,1723.260916,1836.521724
LVTDLTKVHKECCHGDLLECADDR(7)-ALKAWSVAR(3),5,Carbamidomethyl[C](12);Carbamidomethyl[C](13);Carbamidomethyl[C](20),809.390621,1768.360465,1802.077695,4,2.661086E-04,1.257314E-02,1766.590000,1808.730000,1790.496571,11.550594,1755.844788,1825.148354
LVTDLTKVHK(7)-ALKAWSVAR(3),3,null,771.431184,1651.332843,1948.039307,33,2.667292E-04,5.130393E-01,1647.880000,1960.610000,1706.642574,33.392958,1606.463699,1806.821449
RHPYFYAPELLYYANKYNGVFQECCQAEDK(16)-LKECCDKPLLEK(7),6,Carbamidomethyl[C](24);Carbamidomethyl[C](25);Carbamidomethyl[C](37);Carbamidomethyl[C](38),911.421564,2257.372759,2297.662170,3,2.723936E-04,3.303698E-01,2247.220000,2303.050000,2280.420907,9.461828,2252.035425,2308.806390
LAKEYEATLEECCAKDDPHACYSTVFDK(3)-LKHLVDEPQNLIK(2),4,Carbamidomethyl[C](12);Carbamidomethyl[C](13);Carbamidomethyl[C](21),1264.344457,1863.855315,1898.574839,2,2.826863E-04,1.404672E-02,1854.720000,1907.470000,1881.105640,16.022696,1833.037550,1929.173729
VTKCCTESLVNR(3)-CASIQKFGER(6),3,Carbamidomethyl[C](4);Carbamidomethyl[C](5);Carbamidomethyl[C](16),940.436184,1441.219220,1552.077475,8,2.936583E-04,7.988159E-01,1433.590000,1563.430000,1469.403838,29.056165,1382.235342,1556.572334
RHPYFYAPELLYYANKYNGVFQECCQAEDK(16)-GACLLPKIETMR(7),5,Carbamidomethyl[C](24);Carbamidomethyl[C](25);Carbamidomethyl[C](36),1064.695821,2454.631754,2592.429789,15,3.057888E-04,1.102314E-01,2438.640000,2678.050000,2527.827637,46.406584,2388.607885,2667.047389
SHCIAEVEKDAIPENLPPLTADFAEDKDVCK(9)-YICDNQDTISSKLK(12),5,Carbamidomethyl[C](3);Carbamidomethyl[C](30);Carbamidomethyl[C](37),1071.503621,2132.483742,2160.477461,6,3.241306E-04,4.108694E-02,2120.560000,2162.410000,2149.093206,9.231403,2121.398996,2176.787416
LVTDLTKVHK(7)-ALKAWSVAR(3),4,null,578.825207,1648.591070,1957.552155,23,3.386211E-04,1.059665E-01,1645.000000,1962.950000,1707.326110,30.973891,1614.404437,1800.247783
HPYFYAPELLYYANKYNGVFQECCQAEDK(15)-GACLLPKIETMR(7),5,Carbamidomethyl[C](23);Carbamidomethyl[C](24);Carbamidomethyl[C](35),1033.475621,2572.286459,2647.408080,7,3.474404E-04,4.310932E-02,2559.940000,2669.360000,2612.925108,14.583386,2569.174950,2656.675266
FKDLGEEHFK(2)-FKDLGEEHFK(2),5,null,532.053621,1320.378194,1485.705984,2,3.483306E-04,2.656956E-02,1316.200000,1494.940000,1442.663693,64.321391,1249.699520,1635.627867
HPYFYAPELLYYANKYNGVFQECCQAEDK(15)-LKECCDKPLLEK(7),4,Carbamidomethyl[C](23);Carbamidomethyl[C](24);Carbamidomethyl[C](36);Carbamidomethyl[C](37),1327.603207,2352.030354,2377.739403,3,3.511556E-04,1.418596E-01,2338.860000,2401.100000,2362.145578,14.104359,2319.832500,2404.458656
VHKECCHGDLLECADDRADLAK(3)-ALKAWSVAR(3),6,Carbamidomethyl[C](5);Carbamidomethyl[C](6);Carbamidomethyl[C](13),629.297731,1585.907844,1824.693957,19,3.779842E-04,6.755919E-01,1583.190000,1832.490000,1612.082435,28.755299,1525.816539,1698.348330
LKPDPNTLCDEFK(2)-SLGKVGTR(4),4,Carbamidomethyl[C](9),638.568707,1697.319768,1784.143894,11,3.784795E-04,4.042733E-01,1693.190000,1786.690000,1725.706635,23.891382,1654.032490,1797.380780
DDPHACYSTVFDKLKHLVDEPQNLIK(15)-LAKEYEATLEECCAK(3),5,Carbamidomethyl[C](6);Carbamidomethyl[C](41);Carbamidomethyl[C](42),1011.677021,2439.965871,2441.267962,2,3.842780E-04,1.822231E-03,2423.570000,2452.910000,2438.257811,5.233924,2422.556038,2453.959583
RHPYFYAPELLYYANKYNGVFQECCQAEDK(16)-LKECCDKPLLEK(7),4,Carbamidomethyl[C](24);Carbamidomethyl[C](25);Carbamidomethyl[C](37);Carbamidomethyl[C](38),1366.628707,2276.093744,2334.089207,10,4.106371E-04,6.437164E-01,2266.800000,2381.660000,2297.073714,24.368001,2223.969712,2370.177716
DDSPDLPKLKPDPNTLCDEFK(8)-SLGKVGTR(4),5,Carbamidomethyl[C](17),684.535821,1927.148226,1961.378905,2,4.221617E-04,1.136171E-02,1917.170000,1987.930000,1947.049581,17.198687,1895.453521,1998.645642
HPYFYAPELLYYANKYNGVFQECCQAEDKGACLLPK(15)-LKECCDKPLLEK(7),6,Carbamidomethyl[C](23);Carbamidomethyl[C](24);Carbamidomethyl[C](32);Carbamidomethyl[C](43);Carbamidomethyl[C](44),1008.638730,2403.791597,2433.105918,6,4.239928E-04,6.113369E-02,2387.650000,2437.990000,2413.881431,10.276795,2383.051045,2444.711817
RHPYFYAPELLYYANKYNGVFQECCQAEDKGACLLPK(16)-LKECCDKPLLEK(7),6,Carbamidomethyl[C](24);Carbamidomethyl[C](25);Carbamidomethyl[C](33);Carbamidomethyl[C](44);Carbamidomethyl[C](45),1034.655730,2344.529428,2377.168668,5,4.623712E-04,1.257475E-02,2337.200000,2388.930000,2363.401422,8.799748,2337.002177,2389.800667
DDPHACYSTVFDKLKHLVDEPQNLIK(13)-LAKEYEATLEECCAK(3),4,Carbamidomethyl[C](6);Carbamidomethyl[C](41);Carbamidomethyl[C](42),1264.344457,2439.197397,2441.353320,2,4.640287E-04,1.144999E-02,2426.590000,2458.880000,2442.466394,5.842027,2424.940314,2459.992474
TCVADESHAGCEKSLHTLFGDELCK(13)-VTKCCTESLVNR(3),4,Carbamidomethyl[C](2);Carbamidomethyl[C](11);Carbamidomethyl[C](24);Carbamidomethyl[C](32);Carbamidomethyl[C](33),1122.747957,1754.864578,1796.244559,2,4.688681E-04,1.909423E-02,1748.700000,1804.300000,1776.596977,22.400100,1709.396678,1843.797277
LVTDLTKVHKECCHGDLLECADDR(7)-ALKAWSVAR(3),4,Carbamidomethyl[C](12);Carbamidomethyl[C](13);Carbamidomethyl[C](20),1011.486457,1775.468160,1809.494864,3,4.909732E-04,4.052217E-02,1772.480000,1811.690000,1781.491321,9.266695,1753.691235,1809.291408
AFDEKLFTFHADICTLPDTEK(5)-KVPQVSTPTLVEVSR(1),4,Carbamidomethyl[C](14),1074.536707,2319.107860,2335.369914,3,4.923983E-04,5.209439E-03,2308.230000,2341.040000,2322.841798,5.510515,2306.310253,2339.373342
RHPYFYAPELLYYANKYNGVFQECCQAEDK(16)-GACLLPKIETMR(7),4,Carbamidomethyl[C](24);Carbamidomethyl[C](25);Carbamidomethyl[C](36),1330.617957,2462.567894,2554.123334,11,5.176414E-04,4.781512E-01,2426.590000,2640.650000,2539.033981,46.070750,2400.821731,2677.246231
ECCHGDLLECADDRADLAKYICDNQDTISSK(19)-ECCDKPLLEKSHCIAEVEK(10),6,Carbamidomethyl[C](2);Carbamidomethyl[C](3);Carbamidomethyl[C](10);Carbamidomethyl[C](22);Carbamidomethyl[C](36);Carbamidomethyl[C](37);Carbamidomethyl[C](47),1029.948897,1935.019383,1964.111585,3,5.219378E-04,7.078286E-03,1923.020000,1975.940000,1954.177783,14.398860,1910.981203,1997.374362
LKECCDKPLLEK(2)-FPKAEFVEVTK(3),4,Carbamidomethyl[C](4);Carbamidomethyl[C](5),746.875957,1727.116073,1773.053811,5,5.273282E-04,8.567383E-02,1720.810000,1784.940000,1757.502474,21.784483,1692.149024,1822.855924
VTKCCTESLVNR(3)-CASIQKFGER(6),4,Carbamidomethyl[C](4);Carbamidomethyl[C](5);Carbamidomethyl[C](16),705.578957,1441.356218,1523.970488,9,5.596999E-04,7.564363E-01,1433.590000,1526.560000,1482.672180,28.952849,1395.813632,1569.530727
LCVLHEKTPVSEK(7)-CASIQKFGER(6),4,Carbamidomethyl[C](2);Carbamidomethyl[C](17),723.856707,1506.431217,1607.719621,9,5.981803E-04,5.638580E-02,1502.030000,1609.780000,1550.119836,28.582569,1464.372130,1635.867543
SHCIAEVEKDAIPENLPPLTADFAEDKDVCK(9)-LSQKFPK(4),5,Carbamidomethyl[C](3);Carbamidomethyl[C](30),904.040221,2066.761987,2090.544953,5,6.311473E-04,2.780312E-02,2064.060000,2093.230000,2083.274480,9.445361,2054.938398,2111.610562
LVTDLTKVHK(7)-ALKAWSVAR(3),5,null,463.261621,1651.760585,1803.559536,13,6.612811E-04,5.645767E-02,1647.880000,1811.070000,1706.933891,30.445956,1615.596023,1798.271760
KVPQVSTPTLVEVSR(1)-KVPQVSTPTLVEVSR(1),3,null,1146.295518,2049.434175,2049.434175,1,6.649524E-04,6.649524E-04,2043.920000,2051.550000,2047.232590,1.349759,2043.183314,2051.281866
LSQKFPKAEFVEVTK(7)-ALKAWSVAR(3),4,null,728.145207,1871.992816,1918.470811,2,7.441600E-04,1.189396E-01,1860.690000,1922.430000,1886.623558,16.637085,1836.712302,1936.534814
LVNELTEFAKTCVADESHAGCEK(10)-FKDLGEEHFK(2),3,Carbamidomethyl[C](12);Carbamidomethyl[C](21),1338.944518,1974.837193,2003.890404,2,7.600622E-04,1.318014E-03,1965.760000,2014.800000,1991.116189,12.306177,1954.197659,2028.034719
CASIQKFGER(6)-ALKAWSVAR(3),3,Carbamidomethyl[C](1),785.396184,1645.342879,1695.189516,6,7.686545E-04,1.093293E-01,1642.380000,1716.140000,1664.775963,21.868503,1599.170453,1730.381472
DDPHACYSTVFDKLKHLVDEPQNLIK(13)-LAKEYEATLEECCAK(3),5,Carbamidomethyl[C](6);Carbamidomethyl[C](41);Carbamidomethyl[C](42),1011.677021,2438.941304,2450.739100,2,8.046003E-04,2.343859E-03,2423.570000,2459.580000,2435.430734,6.853224,2414.871063,2455.990405
RPCFSALTPDETYVPKAFDEK(16)-KVPQVSTPTLVEVSR(1),5,Carbamidomethyl[C](3),854.430821,2113.626106,2136.097606,3,8.274120E-04,2.725275E-02,2104.470000,2150.100000,2127.789778,11.650479,2092.838341,2162.741216
KVPQVSTPTLVEVSR(1)-TPVSEKVTK(6),3,null,929.171851,1658.690520,1706.129230,3,8.277428E-04,1.048904E-01,1652.840000,1717.420000,1678.025863,19.378885,1619.889209,1736.162517
LAKEYEATLEECCAK(3)-DDPHACYSTVFDKLK(13),5,Carbamidomethyl[C](12);Carbamidomethyl[C](13);Carbamidomethyl[C](24),754.337421,1923.739186,1955.274565,2,8.293737E-04,1.434535E-02,1914.130000,1969.950000,1934.659960,14.861750,1890.074709,1979.245212
LKPDPNTLCDEFK(2)-SLGKVGTR(4),3,Carbamidomethyl[C](9),851.089184,1692.486634,1776.863705,12,8.737082E-04,3.423068E-01,1691.350000,1780.100000,1733.318074,24.618774,1659.461752,1807.174395
DDSPDLPKLKPDPNTLCDEFK(8)-SLGKVGTR(4),4,Carbamidomethyl[C](17),855.417957,1925.190896,1961.091285,5,8.859444E-04,6.086705E-01,1914.130000,1996.580000,1951.803478,18.745829,1895.565989,2008.040966
ECCHGDLLECADDRADLAKYICDNQDTISSK(19)-LKECCDKPLLEKSHCIAEVEK(12),6,Carbamidomethyl[C](2);Carbamidomethyl[C](3);Carbamidomethyl[C](10);Carbamidomethyl[C](22);Carbamidomethyl[C](38);Carbamidomethyl[C](39);Carbamidomethyl[C](49),1070.145397,1890.857341,1926.519579,6,9.064933E-04,1.102384E-02,1881.610000,1949.390000,1910.282227,14.728476,1866.096800,1954.467654
ADLAKYICDNQDTISSK(5)-FKDLGEEHFK(2),4,Carbamidomethyl[C](8),837.890457,1785.459634,1828.003979,4,9.443207E-04,9.519604E-02,1783.410000,1829.980000,1799.049655,18.793896,1742.667967,1855.431343
ALKAWSVAR(3)-LSQKFPK(4),3,null,669.367851,1591.483212,1591.483212,1,1.002906E-03,1.002906E-03,1590.590000,1592.220000,1591.374115,0.282768,1590.525812,1592.222419
LAKEYEATLEECCAKDDPHACYSTVFDK(3)-CASIQKFGER(6),5,Carbamidomethyl[C](12);Carbamidomethyl[C](13);Carbamidomethyl[C](21);Carbamidomethyl[C](32),941.415821,1754.763965,1800.907558,4,1.007968E-03,3.577535E-01,1748.700000,1804.300000,1783.139415,20.896094,1720.451134,1845.827696
YNGVFQECCQAEDKGACLLPK(14)-LKPDPNTLCDEFKADEK(13),5,Carbamidomethyl[C](8);Carbamidomethyl[C](9);Carbamidomethyl[C](17);Carbamidomethyl[C](33),933.621021,1977.089509,2004.575247,3,1.011287E-03,4.184008E-02,1964.350000,2014.800000,1993.092273,12.847149,1954.550824,2031.633721
TCVADESHAGCEKSLHTLFGDELCK(13)-LCVLHEKTPVSEK(7),4,Carbamidomethyl[C](2);Carbamidomethyl[C](11);Carbamidomethyl[C](24);Carbamidomethyl[C](30),1141.025707,1797.715687,1842.523448,4,1.092242E-03,3.265586E-02,1793.590000,1851.220000,1824.745777,19.586333,1765.986778,1883.504776
LCVLHEKTPVSEK(7)-CASIQKFGER(6),3,Carbamidomethyl[C](2);Carbamidomethyl[C](17),964.806518,1506.568346,1607.582602,5,1.106717E-03,1.175581E-01,1502.030000,1609.780000,1544.620356,28.470731,1459.208162,1630.032550
QEPERNECFLSHKDDSPDLPK(13)-LKPDPNTLCDEFKADEK(2),4,Carbamidomethyl[C](8);Carbamidomethyl[C](33),1180.288707,1839.033578,1841.771627,2,1.163661E-03,5.021795E-02,1832.490000,1851.720000,1841.015639,3.314236,1831.072931,1850.958347
QEPERNECFLSHKDDSPDLPK(13)-LKPDPNTLCDEFKADEK(2),5,Carbamidomethyl[C](8);Carbamidomethyl[C](33),944.432421,1834.027835,1874.803849,7,1.189918E-03,7.614290E-01,1820.080000,1885.800000,1841.885089,16.621713,1792.019949,1891.750230
TCVADESHAGCEKSLHTLFGDELCK(13)-ALKAWSVAR(3),5,Carbamidomethyl[C](2);Carbamidomethyl[C](11);Carbamidomethyl[C](24),805.375821,1922.359742,1956.819519,3,1.193227E-03,2.804171E-02,1908.140000,1975.940000,1937.899073,14.776919,1893.568317,1982.229830
SHCIAEVEKDAIPENLPPLTADFAEDKDVCK(9)-YICDNQDTISSKLKECCDKPLLEK(14),5,Carbamidomethyl[C](3);Carbamidomethyl[C](30);Carbamidomethyl[C](37);Carbamidomethyl[C](50);Carbamidomethyl[C](51),1326.020421,2120.862558,2120.862558,1,1.196903E-03,1.196903E-03,2112.580000,2126.510000,2117.578533,0.396665,2116.388537,2118.768528
AFDEKLFTFHADICTLPDTEK(5)-VTKCCTESLVNR(3),4,Carbamidomethyl[C](14);Carbamidomethyl[C](28);Carbamidomethyl[C](29),1031.229457,2129.951295,2147.420957,2,1.200243E-03,8.684347E-02,2117.570000,2156.150000,2136.059372,10.236055,2105.351206,2166.767538
LVNELTEFAKTCVADESHAGCEK(10)-KVPQVSTPTLVEVSR(1),4,Carbamidomethyl[C](12);Carbamidomethyl[C](21),1102.039457,2130.036790,2130.036790,1,1.259928E-03,1.259928E-03,2120.560000,2135.580000,2126.523816,0.411873,2125.288195,2127.759436
AEFVEVTKLVTDLTK(8)-KVPQVSTPTLVEVSR(1),4,null,873.224457,2562.533094,2562.533094,1,1.271825E-03,1.271825E-03,2550.990000,2571.900000,2562.419524,2.085197,2556.163933,2568.675115
ADLAKYICDNQDTISSK(5)-FKDLGEEHFK(2),3,Carbamidomethyl[C](8),1116.851518,1787.110966,1787.110966,1,1.337613E-03,1.337613E-03,1783.950000,1789.400000,1785.534986,1.419550,1781.276337,1789.793634
ECCDKPLLEKSHCIAEVEK(5)-ECCDKPLLEKSHCIAEVEK(5),4,Carbamidomethyl[C](2);Carbamidomethyl[C](3);Carbamidomethyl[C](13);Carbamidomethyl[C](24);Carbamidomethyl[C](25);Carbamidomethyl[C](35),1212.551207,2179.170476,2179.170476,1,1.427189E-03,1.427189E-03,2171.890000,2197.040000,2182.971443,6.239536,2164.252835,2201.690052
RHPYFYAPELLYYANKYNGVFQECCQAEDK(16)-GACLLPKIETMR(7),6,Carbamidomethyl[C](24);Carbamidomethyl[C](25);Carbamidomethyl[C](36),887.414397,2467.993499,2467.993499,1,1.480225E-03,1.480225E-03,2374.960000,2476.850000,2403.691782,26.148023,2325.247712,2482.135852
LVTDLTKVHKECCHGDLLECADDRADLAK(7)-ALKAWSVAR(3),5,Carbamidomethyl[C](12);Carbamidomethyl[C](13);Carbamidomethyl[C](20),909.046621,1797.801054,1864.253615,9,1.751989E-03,2.446960E-02,1792.330000,1865.430000,1824.236769,16.049454,1776.088406,1872.385133
CCTKPESER(4)-LSQKFPK(4),4,Carbamidomethyl[C](1);Carbamidomethyl[C](2),543.503707,1067.609612,1210.268996,10,1.899241E-03,2.035991E-01,1065.860000,1227.720000,1103.396256,29.656386,1014.427097,1192.365414
KVPQVSTPTLVEVSR(1)-LCVLHEKTPVSEK(7),4,Carbamidomethyl[C](20),834.943957,1784.745901,1784.745901,1,2.067388E-03,2.067388E-03,1782.500000,1785.920000,1783.852180,0.560788,1782.169815,1785.534544
ECCHGDLLECADDRADLAKYICDNQDTISSK(19)-LKECCDKPLLEKSHCIAEVEK(12),5,Carbamidomethyl[C](2);Carbamidomethyl[C](3);Carbamidomethyl[C](10);Carbamidomethyl[C](22);Carbamidomethyl[C](38);Carbamidomethyl[C](39);Carbamidomethyl[C](49),1283.973021,1899.373476,1922.590326,2,2.361580E-03,1.580932E-02,1884.640000,1952.490000,1915.854299,16.213620,1867.213438,1964.495160
RHPYFYAPELLYYANKYNGVFQECCQAEDK(16)-ECCDKPLLEK(5),4,Carbamidomethyl[C](24);Carbamidomethyl[C](25);Carbamidomethyl[C](35);Carbamidomethyl[C](36),1306.333957,2345.333638,2347.011471,2,2.433981E-03,2.613569E-02,2335.070000,2349.280000,2345.831255,1.752850,2340.572704,2351.089805
RHPYFYAPELLYYANKYNGVFQECCQAEDKGACLLPK(16)-ECCDKPLLEK(5),5,Carbamidomethyl[C](24);Carbamidomethyl[C](25);Carbamidomethyl[C](33);Carbamidomethyl[C](42);Carbamidomethyl[C](43),1193.149621,2396.695408,2417.518096,7,2.491639E-03,1.306697E-01,2378.620000,2423.020000,2400.488455,9.353205,2372.428838,2428.548071
SHCIAEVEKDAIPENLPPLTADFAEDKDVCK(9)-LKECCDKPLLEK(7),5,Carbamidomethyl[C](3);Carbamidomethyl[C](30);Carbamidomethyl[C](38);Carbamidomethyl[C](39),1041.095621,2166.150575,2362.495426,14,2.535489E-03,2.282340E-01,2149.450000,2377.010000,2208.962086,25.494970,2132.477178,2285.446995
TCVADESHAGCEKSLHTLFGDELCK(13)-RPCFSALTPDETYVPKAFDEK(16),6,Carbamidomethyl[C](2);Carbamidomethyl[C](11);Carbamidomethyl[C](24);Carbamidomethyl[C](31),916.248064,2100.786073,2105.878940,2,2.568657E-03,3.885494E-02,2086.250000,2110.490000,2101.118109,2.982707,2092.169987,2110.066231
CCTKPESERMPCTEDYLSLILNR(4)-LSQKFPK(4),5,Carbamidomethyl[C](1);Carbamidomethyl[C](2);Carbamidomethyl[C](12),776.167821,2162.240928,2188.215228,3,2.666283E-03,6.784016E-02,2152.790000,2200.040000,2174.886009,10.144355,2144.452943,2205.319075
TCVADESHAGCEKSLHTLFGDELCK(13)-LCVLHEKTPVSEK(7),5,Carbamidomethyl[C](2);Carbamidomethyl[C](11);Carbamidomethyl[C](24);Carbamidomethyl[C](30),913.022021,1801.062839,1842.181709,3,2.690833E-03,1.601776E-02,1793.590000,1851.220000,1829.526485,18.371570,1774.411776,1884.641194
RHPYFYAPELLYYANKYNGVFQECCQAEDK(16)-ECCDKPLLEK(5),5,Carbamidomethyl[C](24);Carbamidomethyl[C](25);Carbamidomethyl[C](35);Carbamidomethyl[C](36),1045.268621,2342.905860,2345.148425,2,2.701212E-03,2.647146E-02,2328.280000,2351.650000,2341.837534,3.941738,2330.012321,2353.662746
RHPYFYAPELLYYANKYNGVFQECCQAEDKGACLLPK(16)-LKECCDKPLLEK(7),5,Carbamidomethyl[C](24);Carbamidomethyl[C](25);Carbamidomethyl[C](33);Carbamidomethyl[C](44);Carbamidomethyl[C](45),1241.385421,2352.543088,2398.424591,11,2.746521E-03,3.807451E-01,2342.360000,2405.090000,2363.056751,9.516063,2334.508563,2391.604939
LAKEYEATLEECCAK(3)-LSQKFPK(4),3,Carbamidomethyl[C](12);Carbamidomethyl[C](13),940.448184,1536.061426,1598.175498,4,2.806855E-03,1.444908E-02,1532.510000,1600.300000,1564.806165,26.635777,1484.898836,1644.713495
RHPYFYAPELLYYANKYNGVFQECCQAEDK(16)-GACLLPKIETMR(7),5,Carbamidomethyl[C](24);Carbamidomethyl[C](25);Carbamidomethyl[C](36);Oxidation[M](44),1067.894821,2433.176446,2505.892968,10,2.819984E-03,1.920243E-01,2420.530000,2509.800000,2467.513676,17.638904,2414.596965,2520.430387
CCTKPESER(4)-SLGKVGTR(4),4,Carbamidomethyl[C](1);Carbamidomethyl[C](2),535.999957,978.251125,1131.894585,7,2.941969E-03,6.906626E-01,973.700000,1136.540000,1025.140833,28.590855,939.368269,1110.913397
FKDLGEEHFK(2)-SLGKVGTR(4),3,null,742.040518,1434.792765,1434.792765,1,3.179775E-03,3.179775E-03,1421.010000,1445.220000,1433.731712,5.830616,1416.239863,1451.223560
SHCIAEVEKDAIPENLPPLTADFAEDKDVCK(9)-LSQKFPK(4),4,Carbamidomethyl[C](3);Carbamidomethyl[C](30),1129.798457,2066.899251,2089.911486,3,3.222565E-03,1.896933E-02,2064.060000,2094.750000,2081.982445,10.635086,2050.077188,2113.887701
KQTALVELLK(1)-LSQKFPK(4),3,null,716.409518,1871.907445,1912.884457,3,3.256080E-03,2.140235E-02,1860.690000,1931.470000,1894.545874,20.272708,1833.727750,1955.363997
QNCDQFEKLGEYGFQNALIVR(8)-KVPQVSTPTLVEVSR(1),4,Carbamidomethyl[C](3),1082.293707,2371.657440,2371.657440,1,3.541419E-03,3.541419E-03,2361.520000,2388.930000,2373.817874,4.713021,2359.678810,2387.956938
SHCIAEVEKDAIPENLPPLTADFAEDKDVCK(9)-YICDNQDTISSKLKECCDKPLLEK(12),6,Carbamidomethyl[C](3);Carbamidomethyl[C](30);Carbamidomethyl[C](37);Carbamidomethyl[C](50);Carbamidomethyl[C](51),1105.184897,2118.301121,2120.718178,2,3.581163E-03,2.428765E-02,2110.490000,2132.460000,2119.730437,4.344553,2106.696778,2132.764097
HPYFYAPELLYYANKYNGVFQECCQAEDK(15)-GACLLPKIETMR(7),4,Carbamidomethyl[C](23);Carbamidomethyl[C](24);Carbamidomethyl[C](35),1291.592707,2565.336248,2663.212642,8,3.636429E-03,2.381988E-01,2542.530000,2687.080000,2614.143442,29.168219,2526.638786,2701.648099
AFDEKLFTFHADICTLPDTEK(5)-VTKCCTESLVNR(3),5,Carbamidomethyl[C](14);Carbamidomethyl[C](28);Carbamidomethyl[C](29),825.185021,2130.464157,2130.464157,1,3.669038E-03,3.669038E-03,2114.600000,2135.580000,2123.338647,1.945674,2117.501626,2129.175668
DDPHACYSTVFDKLKHLVDEPQNLIK(15)-LAKEYEATLEECCAK(3),4,Carbamidomethyl[C](6);Carbamidomethyl[C](41);Carbamidomethyl[C](42),1264.344457,2433.261803,2433.261803,1,3.758087E-03,3.758087E-03,2423.570000,2453.560000,2439.190071,4.291943,2426.314243,2452.065899
AEFVEVTKLVTDLTK(8)-LSQKFPK(4),4,null,675.115957,2399.196965,2399.196965,1,3.903502E-03,3.903502E-03,2387.650000,2417.560000,2400.507511,5.415777,2384.260181,2416.754841
CCTKPESER(4)-SLGKVGTR(4),3,Carbamidomethyl[C](1);Carbamidomethyl[C](2),714.330851,974.359597,1124.687654,18,4.028558E-03,6.809793E-01,972.470000,1129.470000,1022.627442,29.361795,934.542056,1110.712828
LAKEYEATLEECCAK(3)-LSQKFPK(4),4,Carbamidomethyl[C](12);Carbamidomethyl[C](13),705.587957,1594.900316,1594.900316,1,4.169296E-03,4.169296E-03,1590.340000,1597.830000,1593.144919,1.198840,1589.548398,1596.741440
LKHLVDEPQNLIK(2)-VTKCCTESLVNR(3),4,Carbamidomethyl[C](20);Carbamidomethyl[C](21),793.405707,1684.724051,1684.724051,1,4.346666E-03,4.346666E-03,1679.000000,1703.670000,1695.888090,6.195921,1677.300327,1714.475853
TCVADESHAGCEKSLHTLFGDELCK(13)-KFWGKYLYEIAR(5),4,Carbamidomethyl[C](2);Carbamidomethyl[C](11);Carbamidomethyl[C](24),1149.533957,2226.697464,2226.697464,1,5.023761E-03,5.023761E-03,2215.600000,2236.630000,2227.500595,2.374044,2220.378462,2234.622728
NECFLSHKDDSPDLPKLKPDPNTLCDEFK(16)-SLGKVGTR(4),5,Carbamidomethyl[C](3);Carbamidomethyl[C](25),887.626821,1874.157011,1910.474765,3,5.028562E-03,6.617724E-02,1863.690000,1943.430000,1894.279042,16.883554,1843.628379,1944.929705
LKECCDKPLLEK(2)-FPKAEFVEVTK(3),5,Carbamidomethyl[C](4);Carbamidomethyl[C](5),597.702221,1733.663161,1738.835627,2,5.139534E-03,1.586012E-02,1730.810000,1740.010000,1734.038159,1.631498,1729.143666,1738.932652
KVPQVSTPTLVEVSR(1)-ALKAWSVAR(3),3,null,933.512518,1927.575583,1961.721142,3,5.254406E-03,5.834458E-01,1917.170000,1969.950000,1935.409331,13.619940,1894.549512,1976.269150
ECCDKPLLEKSHCIAEVEK(5)-ADLAKYICDNQDTISSK(5),5,Carbamidomethyl[C](2);Carbamidomethyl[C](3);Carbamidomethyl[C](13);Carbamidomethyl[C](30),889.608221,1846.105108,1846.105108,1,5.507455E-03,5.507455E-03,1836.100000,1848.870000,1840.950601,2.352575,1833.892875,1848.008327
LKPDPNTLCDEFKADEK(2)-SLGKVGTR(4),3,Carbamidomethyl[C](9),998.823184,1652.444563,1769.406657,15,5.533477E-03,8.063007E-01,1647.880000,1772.300000,1693.502732,26.262746,1614.714495,1772.290969
LCVLHEKTPVSEK(7)-LSQKFPK(4),3,Carbamidomethyl[C](2),848.778184,1454.695105,1512.188533,2,5.876325E-03,2.247610E-02,1453.910000,1512.660000,1476.213810,27.635286,1393.307953,1559.119667
LFTFHADICTLPDTEKQIK(16)-KQTALVELLK(1),4,Carbamidomethyl[C](9),894.972707,2294.145025,2433.618776,7,6.115345E-03,4.259103E-01,2289.480000,2470.810000,2321.393060,20.971839,2258.477542,2384.308578
LKPDPNTLCDEFKADEK(2)-NECFLSHKDDSPDLPK(8),4,Carbamidomethyl[C](9);Carbamidomethyl[C](23),1020.464207,1905.622541,1937.934522,2,6.157609E-03,1.042705E-01,1884.640000,1952.490000,1924.558650,15.521170,1877.995140,1971.122159
HPYFYAPELLYYANKYNGVFQECCQAEDKGACLLPK(15)-LKECCDKPLLEK(7),5,Carbamidomethyl[C](23);Carbamidomethyl[C](24);Carbamidomethyl[C](32);Carbamidomethyl[C](43);Carbamidomethyl[C](44),1210.165021,2411.624136,2424.110922,3,6.303543E-03,3.129657E-02,2390.680000,2441.620000,2417.555739,12.206742,2380.935512,2454.175965
LCVLHEKTPVSEK(7)-KQTALVELLK(1),4,Carbamidomethyl[C](2),710.638207,1866.458965,1866.458965,1,6.390511E-03,6.390511E-03,1854.720000,1887.620000,1871.250194,6.995426,1850.263915,1892.236473
SHCIAEVEKDAIPENLPPLTADFAEDKDVCK(9)-YICDNQDTISSKLK(12),4,Carbamidomethyl[C](3);Carbamidomethyl[C](30);Carbamidomethyl[C](37),1339.127707,2132.620610,2156.173459,4,6.571892E-03,6.824377E-01,2120.560000,2157.580000,2144.238269,9.239535,2116.519665,2171.956873
SHCIAEVEKDAIPENLPPLTADFAEDKDVCK(27)-LSQKFPK(4),5,Carbamidomethyl[C](3);Carbamidomethyl[C](30),904.040221,2088.144663,2088.144663,1,6.585158E-03,6.585158E-03,2069.950000,2091.740000,2076.314012,3.677115,2065.282668,2087.345356
LSQKFPK(4)-SLGKVGTR(4),3,null,608.001184,1293.812410,1362.061788,2,6.931661E-03,5.433242E-02,1289.460000,1364.900000,1341.980401,30.053268,1251.820597,1432.140204
LKPDPNTLCDEFKADEK(2)-SLGKVGTR(4),5,Carbamidomethyl[C](9),599.696821,1655.625854,1739.810604,10,6.995348E-03,4.198542E-01,1648.430000,1741.410000,1686.229840,23.206792,1616.609464,1755.850216
LFTFHADICTLPDTEKQIK(16)-KQTALVELLK(1),3,Carbamidomethyl[C](9),1192.961184,2296.523351,2358.714050,9,7.490359E-03,2.564718E-02,2289.480000,2385.950000,2315.113069,15.222218,2269.446416,2360.779722
VHKECCHGDLLECADDR(3)-ALKAWSVAR(3),3,Carbamidomethyl[C](5);Carbamidomethyl[C](6);Carbamidomethyl[C](13),1091.494851,1512.047194,1571.016996,4,7.618788E-03,2.665319E-01,1509.020000,1609.470000,1540.439598,24.075543,1468.212970,1612.666225
EKVLASSAR(2)-LSQKFPK(4),4,null,492.017207,1180.482584,1267.642933,5,7.987325E-03,3.785256E-01,1179.310000,1271.360000,1221.966135,29.429020,1133.679075,1310.253195
NECFLSHKDDSPDLPKLKPDPNTLCDEFK(16)-SLGKVGTR(4),6,Carbamidomethyl[C](3);Carbamidomethyl[C](25),739.856897,1877.143811,1931.258088,4,7.992397E-03,3.263639E-01,1860.690000,1937.510000,1899.826096,16.795814,1849.438654,1950.213538
DDSPDLPKLKPDPNTLCDEFK(8)-SLGKVGTR(4),3,Carbamidomethyl[C](17),1140.221518,1926.549857,1963.563980,4,8.294776E-03,5.733250E-01,1917.170000,1984.970000,1954.961030,15.926435,1907.181725,2002.740335
SLHTLFGDELCKVASLR(12)-LCVLHEKTPVSEK(7),5,Carbamidomethyl[C](11);Carbamidomethyl[C](22),729.372421,2168.527275,2168.527275,1,8.523654E-03,8.523654E-03,2157.520000,2184.540000,2174.656199,6.989722,2153.687034,2195.625364
LVTDLTKVHKECCHGDLLECADDR(7)-ALKAWSVAR(3),6,Carbamidomethyl[C](12);Carbamidomethyl[C](13);Carbamidomethyl[C](20),674.660064,1786.887342,1789.915516,2,8.817153E-03,1.412421E-02,1784.490000,1792.040000,1788.811970,1.182704,1785.263857,1792.360083
CCTKPESER(4)-LSQKFPK(4),3,Carbamidomethyl[C](1);Carbamidomethyl[C](2),724.335851,1070.706136,1290.407765,21,9.127989E-03,3.173977E-01,1067.130000,1296.130000,1117.736627,33.614129,1016.894240,1218.579015
SHCIAEVEKDAIPENLPPLTADFAEDKDVCK(9)-YICDNQDTISSKLK(12),6,Carbamidomethyl[C](3);Carbamidomethyl[C](30);Carbamidomethyl[C](37),893.087564,2137.110743,2150.824338,2,9.363579E-03,3.095880E-02,2126.510000,2157.580000,2142.502978,10.483376,2111.052849,2173.953106
TCVADESHAGCEKSLHTLFGDELCK(13)-DTHKSEIAHR(4),6,Carbamidomethyl[C](2);Carbamidomethyl[C](11);Carbamidomethyl[C](24),703.316564,1560.289153,1560.289153,1,9.444063E-03,9.444063E-03,1547.090000,1562.080000,1555.089472,2.105617,1548.772620,1561.406324
SHCIAEVEKDAIPENLPPLTADFAEDKDVCK(9)-ECCDKPLLEK(5),5,Carbamidomethyl[C](3);Carbamidomethyl[C](30);Carbamidomethyl[C](36);Carbamidomethyl[C](37),992.859821,2228.234541,2271.356490,4,1.021774E-02,2.395715E-01,2212.540000,2286.430000,2267.071824,11.038524,2233.956253,2300.187395
ECCHGDLLECADDRADLAKYICDNQDTISSK(19)-ECCDKPLLEKSHCIAEVEK(10),5,Carbamidomethyl[C](2);Carbamidomethyl[C](3);Carbamidomethyl[C](10);Carbamidomethyl[C](22);Carbamidomethyl[C](36);Carbamidomethyl[C](37);Carbamidomethyl[C](47),1235.737221,1935.156522,1935.156522,1,1.103267E-02,1.103267E-02,1923.020000,1946.970000,1934.434396,4.944375,1919.601270,1949.267522
ALKAWSVAR(3)-SLGKVGTR(4),3,null,659.362851,1531.164558,1934.618782,4,1.167479E-02,7.767420E-01,1527.470000,1952.960000,1601.872873,144.897065,1167.181679,2036.564066
LKPDPNTLCDEFKADEK(2)-SLGKVGTR(4),4,Carbamidomethyl[C](9),749.369207,1651.846078,1784.058539,19,1.191972E-02,4.477200E-01,1647.880000,1790.700000,1707.332999,25.101005,1632.029983,1782.636016
TCVADESHAGCEKSLHTLFGDELCK(13)-FKDLGEEHFK(2),4,Carbamidomethyl[C](2);Carbamidomethyl[C](11);Carbamidomethyl[C](24),1068.475957,1879.422214,1879.422214,1,1.223674E-02,1.223674E-02,1872.700000,1883.970000,1880.295361,0.352081,1879.239118,1881.351604
AFDEKLFTFHADICTLPDTEK(5)-TPVSEKVTK(6),4,Carbamidomethyl[C](14),911.693957,2104.632866,2127.379839,3,1.309789E-02,1.427273E-01,2091.740000,2133.030000,2114.128203,8.275569,2089.301496,2138.954910
LAKEYEATLEECCAKDDPHACYSTVFDK(3)-CASIQKFGER(6),6,Carbamidomethyl[C](12);Carbamidomethyl[C](13);Carbamidomethyl[C](21);Carbamidomethyl[C](32),784.681064,1755.291440,1755.291440,1,1.392042E-02,1.392042E-02,1749.760000,1757.990000,1754.378180,0.698019,1752.284124,1756.472237
YNGVFQECCQAEDKGACLLPK(14)-LKPDPNTLCDEFKADEK(13),4,Carbamidomethyl[C](8);Carbamidomethyl[C](9);Carbamidomethyl[C](17);Carbamidomethyl[C](33),1166.774457,1976.664904,2003.804769,3,1.392674E-02,4.253426E-02,1962.950000,2014.800000,1992.329286,12.070989,1956.116319,2028.542253
YICDNQDTISSKLK(12)-ECCDKPLLEK(5),4,Carbamidomethyl[C](3);Carbamidomethyl[C](19);Carbamidomethyl[C](20),784.110207,1671.355082,1718.472016,2,1.408028E-02,9.289149E-02,1669.330000,1720.320000,1697.629408,24.041321,1625.505445,1769.753371
YICDNQDTISSKLK(12)-ECCDKPLLEK(5),3,Carbamidomethyl[C](3);Carbamidomethyl[C](19);Carbamidomethyl[C](20),1045.144518,1671.791671,1718.557509,4,1.422384E-02,7.966408E-02,1668.550000,1720.860000,1692.337419,22.468241,1624.932694,1759.742143
DDSPDLPKLKPDPNTLCDEFKADEK(10)-SLGKVGTR(4),5,Carbamidomethyl[C](17),773.176221,1918.123727,1924.251294,2,1.435511E-02,2.614486E-02,1854.720000,1934.990000,1885.742227,11.006973,1852.721309,1918.763145
ECCHGDLLECADDRADLAKYICDNQDTISSK(19)-ECCDKPLLEKSHCIAEVEK(5),5,Carbamidomethyl[C](2);Carbamidomethyl[C](3);Carbamidomethyl[C](10);Carbamidomethyl[C](22);Carbamidomethyl[C](36);Carbamidomethyl[C](37);Carbamidomethyl[C](47),1235.737221,1963.975079,1963.975079,1,1.447417E-02,1.447417E-02,1952.490000,1969.950000,1959.302608,2.590951,1951.529755,1967.075461
EYEATLEECCAKDDPHACYSTVFDK(12)-FGERALKAWSVAR(7),5,Carbamidomethyl[C](9);Carbamidomethyl[C](10);Carbamidomethyl[C](18),938.019421,1935.231975,1951.471793,3,1.467668E-02,4.173968E-01,1925.470000,1966.930000,1942.801464,5.768326,1925.496486,1960.106442
KVPQVSTPTLVEVSR(1)-CASIQKFGER(6),3,Carbamidomethyl[C](19),998.179184,1805.062622,1808.011673,2,1.529509E-02,5.692936E-02,1797.200000,1811.070000,1805.205064,0.817144,1802.753632,1807.656497
LAKEYEATLEECCAKDDPHACYSTVFDK(3)-NYQEAKDAFLGSFLYEYSR(6),6,Carbamidomethyl[C](12);Carbamidomethyl[C](13);Carbamidomethyl[C](21),968.929897,2333.168238,2355.224999,4,1.551197E-02,5.842776E-02,2325.540000,2365.080000,2343.360561,8.094119,2319.078202,2367.642919
YICDNQDTISSKLK(12)-FPKAEFVEVTK(3),3,Carbamidomethyl[C](3),1046.178851,1918.209209,1949.411590,2,1.555279E-02,4.447473E-02,1908.140000,1963.950000,1937.432680,15.953165,1889.573186,1985.292174
LVTDLTKVHKECCHGDLLECADDRADLAK(7)-ALKAWSVAR(3),6,Carbamidomethyl[C](12);Carbamidomethyl[C](13);Carbamidomethyl[C](20),757.706730,1801.478590,1868.499286,2,1.605642E-02,3.090507E-01,1795.960000,1872.620000,1813.415052,22.855596,1744.848264,1881.981840
AEFVEVTKLVTDLTK(8)-LSQKFPK(4),3,null,899.818851,2400.043567,2415.391638,2,1.626518E-02,4.213331E-02,2384.630000,2429.010000,2406.279920,10.015397,2376.233730,2436.326111
LVTDLTKVHK(7)-ALKAWSVAR(3),2,null,1156.643138,1717.928528,1717.928528,1,1.639852E-02,1.639852E-02,1695.030000,1720.320000,1710.649864,6.421586,1691.385106,1729.914622
TCVADESHAGCEKSLHTLFGDELCK(13)-SLGKVGTR(4),5,Carbamidomethyl[C](2);Carbamidomethyl[C](11);Carbamidomethyl[C](24),768.555821,1741.433809,1788.312285,5,1.720805E-02,7.621015E-02,1737.010000,1790.060000,1754.467265,16.507543,1704.944637,1803.989892
NECFLSHKDDSPDLPKLKPDPNTLCDEFK(16)-SLGKVGTR(4),4,Carbamidomethyl[C](3);Carbamidomethyl[C](25),1109.281707,1878.654276,1910.611765,3,1.776309E-02,4.165377E-01,1866.670000,1931.470000,1904.364411,16.851001,1853.811409,1954.917414
TCVADESHAGCEKSLHTLFGDELCK(13)-FKDLGEEHFK(2),5,Carbamidomethyl[C](2);Carbamidomethyl[C](11);Carbamidomethyl[C](24),854.982221,1849.126806,1884.319857,2,1.777932E-02,4.284198E-02,1837.710000,1889.730000,1861.518046,17.921989,1807.752079,1915.284013
CCTKPESER(4)-ALKAWSVAR(3),4,Carbamidomethyl[C](1);Carbamidomethyl[C](2),582.024957,1316.720798,1376.180048,2,1.876645E-02,3.746440E-02,1310.200000,1388.570000,1340.506202,27.042046,1259.380064,1421.632339
CCTKPESERMPCTEDYLSLILNR(4)-EKVLASSAR(2),5,Carbamidomethyl[C](1);Carbamidomethyl[C](2);Carbamidomethyl[C](12),798.776421,2231.204458,2250.527673,3,1.896357E-02,2.246205E-01,2221.610000,2258.520000,2242.443446,8.166422,2217.944180,2266.942712
TCVADESHAGCEKSLHTLFGDELCK(13)-FKDLGEEHFK(2),6,Carbamidomethyl[C](2);Carbamidomethyl[C](11);Carbamidomethyl[C](24),712.653064,1846.124264,1846.124264,1,1.899447E-02,1.899447E-02,1839.920000,1863.690000,1846.202182,4.417198,1832.950587,1859.453776
LAKEYEATLEECCAKDDPHACYSTVFDK(15)-CASIQKFGER(6),6,Carbamidomethyl[C](12);Carbamidomethyl[C](13);Carbamidomethyl[C](21);Carbamidomethyl[C](32),784.681064,1752.212145,1752.212145,1,1.959272E-02,1.959272E-02,1747.980000,1757.990000,1754.367420,0.742587,1752.139658,1756.595181
LSQKFPKAEFVEVTK(7)-YICDNQDTISSKLK(12),5,Carbamidomethyl[C](21),719.364021,1856.736603,1895.854149,3,2.119494E-02,3.531104E-02,1846.670000,1907.470000,1872.264808,16.864232,1821.672111,1922.857504
DDSPDLPKLKPDPNTLCDEFKADEK(8)-SLGKVGTR(4),4,Carbamidomethyl[C](17),966.218457,1872.648177,1959.256454,8,2.177196E-02,5.520745E-01,1860.690000,1978.960000,1906.232218,20.010319,1846.201262,1966.263175
LKPDPNTLCDEFKADEK(2)-FWGKYLYEIAR(4),4,Carbamidomethyl[C](9),906.436207,2259.050589,2259.050589,1,2.214478E-02,2.214478E-02,2247.140000,2267.510000,2259.076167,5.214415,2243.432923,2274.719412
LFTFHADICTLPDTEKQIK(16)-KQTALVELLK(1),5,Carbamidomethyl[C](9),716.179621,2309.777108,2365.873589,4,2.294462E-02,1.557535E-01,2289.480000,2415.010000,2318.746388,17.591489,2265.971920,2371.520856
CASIQKFGER(6)-SLGKVGTR(4),3,Carbamidomethyl[C](1),724.029518,1438.758139,1440.669069,2,2.379911E-02,3.869282E-01,1436.840000,1442.190000,1439.005391,1.081119,1435.762033,1442.248749
ETYGDMADCCEKQEPERNECFLSHKDDSPDLPK(12)-LKPDPNTLCDEFKADEK(2),6,Carbamidomethyl[C](9);Carbamidomethyl[C](10);Carbamidomethyl[C](20);Carbamidomethyl[C](45),1030.445730,1858.092328,1858.092328,1,2.438833E-02,2.438833E-02,1846.670000,1881.610000,1861.163765,7.621345,1838.299730,1884.027800
LAKEYEATLEECCAKDDPHACYSTVFDK(3)-ALKAWSVAR(3),6,Carbamidomethyl[C](12);Carbamidomethyl[C](13);Carbamidomethyl[C](21),752.347731,1827.331033,1871.729793,3,2.594977E-02,6.391274E-01,1821.600000,1882.050000,1842.634746,15.831523,1795.140176,1890.129316
AFDEKLFTFHADICTLPDTEK(5)-LCVLHEKTPVSEK(7),5,Carbamidomethyl[C](14);Carbamidomethyl[C](26),839.807221,2125.712906,2127.330990,2,2.620425E-02,7.627142E-02,2112.580000,2132.460000,2122.634136,3.328327,2112.649155,2132.619117
SHCIAEVEKDAIPENLPPLTADFAEDKDVCK(9)-CCTKPESER(4),4,Carbamidomethyl[C](3);Carbamidomethyl[C](30);Carbamidomethyl[C](35);Carbamidomethyl[C](36),1209.545707,1964.617596,2000.711362,2,2.660813E-02,3.541509E-02,1958.950000,2014.800000,1985.237031,13.253365,1945.476936,2024.997125
TCVADESHAGCEKSLHTLFGDELCK(13)-GACLLPKIETMR(7),5,Carbamidomethyl[C](2);Carbamidomethyl[C](11);Carbamidomethyl[C](24);Carbamidomethyl[C](31),882.805821,2115.912169,2115.912169,1,2.707174E-02,2.707174E-02,2104.470000,2123.540000,2112.684137,2.855733,2104.116938,2121.251335
SHCIAEVEKDAIPENLPPLTADFAEDKDVCK(9)-LKECCDKPLLEK(7),4,Carbamidomethyl[C](3);Carbamidomethyl[C](30);Carbamidomethyl[C](38);Carbamidomethyl[C](39),1301.117707,2206.642754,2229.359249,2,2.764946E-02,1.098925E-01,2149.450000,2258.520000,2204.738741,19.891626,2145.063864,2264.413618
RHPYFYAPELLYYANKYNGVFQECCQAEDK(16)-GACLLPKIETMR(7),4,Carbamidomethyl[C](24);Carbamidomethyl[C](25);Carbamidomethyl[C](36);Oxidation[M](44),1334.616707,2430.280884,2462.422130,6,2.910015E-02,5.872016E-01,2417.560000,2483.950000,2463.957336,15.247902,2418.213629,2509.701043
LCVLHEKTPVSEK(7)-SLGKVGTR(4),4,Carbamidomethyl[C](2),629.331707,1416.339893,1423.379563,2,2.972820E-02,8.454556E-02,1413.150000,1428.340000,1417.032888,2.694852,1408.948330,1425.117445
SHCIAEVEKDAIPENLPPLTADFAEDKDVCK(9)-LKECCDKPLLEK(7),6,Carbamidomethyl[C](3);Carbamidomethyl[C](30);Carbamidomethyl[C](38);Carbamidomethyl[C](39),867.747564,2172.876643,2323.813091,9,2.978046E-02,2.915880E-01,2150.940000,2328.280000,2210.884065,24.581165,2137.140570,2284.627560
DDSPDLPKLKPDPNTLCDEFKADEK(8)-SLGKVGTR(4),5,Carbamidomethyl[C](17),773.176221,1872.960558,1928.088567,3,3.144151E-02,2.683088E-01,1854.720000,1978.960000,1896.545626,19.955504,1836.679115,1956.412137
SLHTLFGDELCKVASLR(12)-LCVLHEKTPVSEK(7),4,Carbamidomethyl[C](11);Carbamidomethyl[C](22),911.463707,2167.330670,2167.330670,1,3.167623E-02,3.167623E-02,2157.520000,2175.590000,2167.909160,1.529755,2163.319895,2172.498426
KVPQVSTPTLVEVSR(1)-HKPKATEEQLK(2),5,null,621.938021,1600.566915,1600.566915,1,3.285546E-02,3.285546E-02,1587.390000,1609.470000,1593.900868,4.862369,1579.313760,1608.487976
SHCIAEVEKDAIPENLPPLTADFAEDKDVCK(9)-ECCDKPLLEK(5),4,Carbamidomethyl[C](3);Carbamidomethyl[C](30);Carbamidomethyl[C](36);Carbamidomethyl[C](37),1240.822957,2258.744117,2269.945309,2,3.294965E-02,8.924488E-02,2243.410000,2286.430000,2265.180383,8.594862,2239.395797,2290.964970
CCTKPESERMPCTEDYLSLILNR(4)-SLGKVGTR(4),5,Carbamidomethyl[C](1);Carbamidomethyl[C](2);Carbamidomethyl[C](12),770.164821,2172.528887,2186.310015,3,3.649227E-02,1.628969E-01,2146.810000,2194.080000,2169.925848,11.038500,2136.810348,2203.041349
AEFVEVTKLVTDLTK(8)-SLGKVGTR(4),3,null,889.813851,2395.608312,2407.691608,2,3.766722E-02,3.619000E-01,2375.640000,2423.020000,2397.019969,11.191112,2363.446632,2430.593307
TCVADESHAGCEKSLHTLFGDELCK(13)-ALKAWSVAR(3),4,Carbamidomethyl[C](2);Carbamidomethyl[C](11);Carbamidomethyl[C](24),1006.467957,1929.355542,1958.572377,4,3.902635E-02,7.669026E-02,1914.130000,1972.930000,1946.624341,15.711222,1899.490675,1993.758007
LSQKFPKAEFVEVTK(7)-YICDNQDTISSKLK(12),4,Carbamidomethyl[C](21),898.953207,1858.434067,1894.251440,2,4.008510E-02,8.162352E-02,1846.670000,1919.440000,1878.214769,20.030291,1818.123897,1938.305642
CCTKPESER(4)-ALKAWSVAR(3),3,Carbamidomethyl[C](1);Carbamidomethyl[C](2),775.697518,1314.083621,1681.391135,7,4.015943E-02,7.685355E-01,1307.890000,1682.060000,1519.223892,149.500590,1070.722122,1967.725661
AFDEKLFTFHADICTLPDTEK(5)-LCVLHEKTPVSEK(7),4,Carbamidomethyl[C](14);Carbamidomethyl[C](26),1049.507207,2122.485755,2150.653363,4,4.092257E-02,1.702580E-01,2112.580000,2156.150000,2133.244001,9.928650,2103.458051,2163.029952
LAKEYEATLEECCAKDDPHACYSTVFDK(3)-LKHLVDEPQNLIK(2),6,Carbamidomethyl[C](12);Carbamidomethyl[C](13);Carbamidomethyl[C](21),843.232064,1863.992296,1898.793948,2,4.171998E-02,2.471166E-01,1851.720000,1910.450000,1880.040748,17.176323,1828.511779,1931.569717
CCTKPESERMPCTEDYLSLILNR(4)-EKVLASSAR(2),4,Carbamidomethyl[C](1);Carbamidomethyl[C](2);Carbamidomethyl[C](12),998.218707,2228.405549,2250.334942,3,4.203696E-02,3.605246E-01,2218.570000,2261.380000,2239.302907,7.348433,2217.257608,2261.348207
LCVLHEKTPVSEK(7)-FKDLGEEHFK(2),4,Carbamidomethyl[C](2),737.364707,1549.456942,1598.517219,2,4.266396E-02,3.007130E-01,1538.830000,1609.470000,1573.659539,25.034669,1498.555533,1648.763545
SHCIAEVEKDAIPENLPPLTADFAEDKDVCK(9)-CCTKPESER(4),6,Carbamidomethyl[C](3);Carbamidomethyl[C](30);Carbamidomethyl[C](35);Carbamidomethyl[C](36),806.699564,1965.643199,2002.714437,7,4.322993E-02,3.158672E-01,1958.950000,2006.320000,1983.549508,13.091119,1944.276152,2022.822864
YICDNQDTISSKLK(12)-FPKAEFVEVTK(3),4,Carbamidomethyl[C](3),784.885957,1917.190986,1957.076018,5,4.531731E-02,7.229151E-01,1908.140000,1963.950000,1931.800110,15.553395,1885.139924,1978.460295
SHCIAEVEKDAIPENLPPLTADFAEDK(9)-LKECCDKPLLEK(7),5,Carbamidomethyl[C](3);Carbamidomethyl[C](34);Carbamidomethyl[C](35),940.651421,2258.783203,2258.783203,1,4.596632E-02,4.596632E-02,2247.220000,2275.740000,2258.826745,4.736699,2244.616648,2273.036842
ECCHGDLLECADDRADLAKYICDNQDTISSK(19)-LKECCDKPLLEKSHCIAEVEK(7),6,Carbamidomethyl[C](2);Carbamidomethyl[C](3);Carbamidomethyl[C](10);Carbamidomethyl[C](22);Carbamidomethyl[C](38);Carbamidomethyl[C](39);Carbamidomethyl[C](49),1070.145397,1947.034041,1947.034041,1,4.706577E-02,4.706577E-02,1910.450000,1952.490000,1927.533024,7.907901,1903.809319,1951.256728
PLLEKSHCIAEVEKDAIPENLPPLTADFAEDKDVCK(5)-ADLAKYICDNQDTISSKLKECCDK(19),6,Carbamidomethyl[C](8);Carbamidomethyl[C](35);Carbamidomethyl[C](47);Carbamidomethyl[C](60);Carbamidomethyl[C](61),1188.231730,2233.652020,2238.515384,2,4.837444E-02,3.512104E-01,2221.610000,2264.540000,2242.370392,6.688617,2222.304541,2262.436242
DDSPDLPKLKPDPNTLCDEFK(10)-SLGKVGTR(4),5,Carbamidomethyl[C](17),684.535821,1922.445247,1984.421531,3,4.930630E-02,3.027592E-01,1911.100000,1990.900000,1942.319630,16.126337,1893.940619,1990.698641
CASIQKFGER(6)-LSQKFPK(4),3,Carbamidomethyl[C](1),734.034518,1444.762370,1517.304890,4,4.955534E-02,5.244073E-01,1437.520000,1518.410000,1470.438543,25.628255,1393.553778,1547.323308
EYEATLEECCAKDDPHACYSTVFDK(12)-FGERALKAWSVAR(7),4,Carbamidomethyl[C](9);Carbamidomethyl[C](10);Carbamidomethyl[C](18),1172.272457,1919.832167,1950.359071,3,5.039281E-02,5.705741E-01,1893.620000,1963.950000,1921.272561,15.058790,1876.096189,1966.448932
ECCHGDLLECADDRADLAKYICDNQDTISSK(19)-FKDLGEEHFK(2),5,Carbamidomethyl[C](2);Carbamidomethyl[C](3);Carbamidomethyl[C](10);Carbamidomethyl[C](22),1016.642621,1939.828876,1939.828876,1,5.077798E-02,5.077798E-02,1928.980000,1946.970000,1939.361881,1.535108,1934.756559,1943.967204
RHPYFYAPELLYYANKYNGVFQECCQAEDKGACLLPK(16)-YICDNQDTISSKLKECCDK(12),6,Carbamidomethyl[C](24);Carbamidomethyl[C](25);Carbamidomethyl[C](33);Carbamidomethyl[C](43);Carbamidomethyl[C](56);Carbamidomethyl[C](57),1175.366564,2406.876012,2423.321943,2,5.190350E-02,2.062303E-01,2396.670000,2432.050000,2414.717144,6.027891,2396.633472,2432.800817
TCVADESHAGCEKSLHTLFGDELCK(13)-LSQKFPK(4),4,Carbamidomethyl[C](2);Carbamidomethyl[C](11);Carbamidomethyl[C](24),967.946707,1793.044559,1795.246247,2,5.323121E-02,3.751288E-01,1788.690000,1799.280000,1792.837640,2.374685,1785.713585,1799.961694
HPYFYAPELLYYANKYNGVFQECCQAEDK(15)-ECCDKPLLEK(5),4,Carbamidomethyl[C](23);Carbamidomethyl[C](24);Carbamidomethyl[C](34);Carbamidomethyl[C](35),1267.308457,2444.230387,2444.230387,1,5.491284E-02,5.491284E-02,2429.550000,2450.580000,2441.868604,4.273460,2429.048224,2454.688984
LKECCDKPLLEK(7)-ECCDKPLLEK(5),3,Carbamidomethyl[C](4);Carbamidomethyl[C](5);Carbamidomethyl[C](17);Carbamidomethyl[C](18),994.464851,2402.800652,2402.800652,1,6.284661E-02,6.284661E-02,2308.230000,2414.580000,2364.743296,26.184086,2286.191039,2443.295553
RHPYFYAPELLYYANKYNGVFQECCQAEDKGACLLPK(16)-ECCDKPLLEK(5),6,Carbamidomethyl[C](24);Carbamidomethyl[C](25);Carbamidomethyl[C](33);Carbamidomethyl[C](42);Carbamidomethyl[C](43),994.459230,2396.121047,2396.974418,2,7.172291E-02,7.520183E-02,2302.740000,2417.560000,2364.455223,26.949332,2283.607226,2445.303220
LSQKFPKAEFVEVTK(7)-YICDNQDTISSKLK(12),3,Carbamidomethyl[C](21),1198.268518,1894.422186,1894.422186,1,7.352715E-02,7.352715E-02,1885.800000,1907.470000,1896.386256,3.683704,1885.335143,1907.437369
LKECCDKPLLEK(2)-ECCDKPLLEK(5),3,Carbamidomethyl[C](4);Carbamidomethyl[C](5);Carbamidomethyl[C](17);Carbamidomethyl[C](18),994.464851,2395.523075,2411.221133,2,7.352783E-02,1.066001E-01,2302.740000,2426.040000,2372.715810,25.853077,2295.156580,2450.275040
CCTKPESERMPCTEDYLSLILNR(4)-LSQKFPK(4),4,Carbamidomethyl[C](1);Carbamidomethyl[C](2);Carbamidomethyl[C](12),969.957957,2163.920011,2163.920011,1,7.472889E-02,7.472889E-02,2150.940000,2188.450000,2172.735467,7.289510,2150.866937,2194.603997
VGTRCCTKPESER(8)-VGTRCCTKPESER(8),4,Carbamidomethyl[C](5);Carbamidomethyl[C](6);Carbamidomethyl[C](21);Carbamidomethyl[C](22),829.870207,1816.774265,1816.774265,1,7.654170E-02,7.654170E-02,1813.430000,1820.720000,1816.925641,1.935443,1811.119313,1822.731969
DDPHACYSTVFDKLK(13)-DDPHACYSTVFDKLK(13),4,Carbamidomethyl[C](6);Carbamidomethyl[C](24),937.920457,2016.243091,2016.243091,1,2.835476E-01,2.835476E-01,2013.670000,2018.300000,2015.315924,0.130150,2014.925473,2015.706374
LAKEYEATLEECCAK(3)-SLGKVGTR(4),3,Carbamidomethyl[C](12);Carbamidomethyl[C](13),930.443184,1482.437377,1482.437377,1,8.092016E-02,8.092016E-02,1481.490000,1483.370000,1482.420648,0.159219,1481.942990,1482.898306
DDSPDLPKLKPDPNTLCDEFKADEK(8)-SLGKVGTR(4),6,Carbamidomethyl[C](17),644.481397,1875.011251,1910.161516,2,8.267307E-02,9.485807E-02,1863.690000,1943.430000,1897.978175,18.056121,1843.809813,1952.146536
CASIQKFGER(6)-CCTKPESER(4),3,Carbamidomethyl[C](1);Carbamidomethyl[C](14);Carbamidomethyl[C](15),840.364184,1179.613734,1237.559993,2,8.276792E-02,1.901632E-01,1177.980000,1238.080000,1183.379692,12.070048,1147.169548,1219.589836
LKPDPNTLCDEFKADEK(2)-NECFLSHKDDSPDLPK(8),5,Carbamidomethyl[C](9);Carbamidomethyl[C](23),816.572821,1905.451688,1939.646602,3,9.549793E-02,3.018352E-01,1893.620000,1957.890000,1937.435467,14.325709,1894.458341,1980.412593
RHPYFYAPELLYYANKYNGVFQECCQAEDK(16)-FWGKYLYEIAR(4),5,Carbamidomethyl[C](24);Carbamidomethyl[C](25),1076.099621,2360.938895,2467.454750,3,1.028843E-01,2.141431E-01,2345.630000,2495.790000,2398.355258,51.349730,2244.306068,2552.404447
QNCDQFEKLGEYGFQNALIVR(8)-SLGKVGTR(4),4,Carbamidomethyl[C](3),876.681457,2194.353456,2194.353456,1,1.057630E-01,1.057630E-01,2177.170000,2203.050000,2189.372839,5.175860,2173.845260,2204.900419
SHCIAEVEKDAIPENLPPLTADFAEDKDVCK(9)-YICDNQDTISSKLKECCDKPLLEK(14),6,Carbamidomethyl[C](3);Carbamidomethyl[C](30);Carbamidomethyl[C](37);Carbamidomethyl[C](50);Carbamidomethyl[C](51),1105.184897,2121.289542,2121.289542,1,1.064678E-01,1.064678E-01,2110.490000,2132.460000,2119.732450,4.347157,2106.690979,2132.773921
LVNELTEFAKTCVADESHAGCEK(10)-SLGKVGTR(4),4,Carbamidomethyl[C](12);Carbamidomethyl[C](21),896.427207,1921.248251,1921.248251,1,1.097722E-01,1.097722E-01,1911.100000,1931.950000,1923.735466,1.386913,1919.574729,1927.896204
NECFLSHKDDSPDLPKLKPDPNTLCDEFK(8)-SLGKVGTR(4),5,Carbamidomethyl[C](3);Carbamidomethyl[C](25),887.626821,1889.691968,1938.022147,2,1.185598E-01,3.449534E-01,1863.690000,1946.400000,1899.292067,18.094444,1845.008734,1953.575399
CASIQKFGER(6)-ALKAWSVAR(3),4,Carbamidomethyl[C](1),589.298957,1705.273866,1705.273866,1,1.257951E-01,1.257951E-01,1674.760000,1718.220000,1687.930340,10.780003,1655.590330,1720.270349
CCTKPESERMPCTEDYLSLILNR(4)-ALKAWSVAR(3),5,Carbamidomethyl[C](1);Carbamidomethyl[C](2);Carbamidomethyl[C](12);Oxidation[M](10),810.183821,2009.503246,2009.503246,1,1.341039E-01,1.341039E-01,1996.580000,2014.800000,2005.361650,3.512488,1994.824186,2015.899115
LVTDLTKVHKECCHGDLLECADDRADLAK(7)-ALKAWSVAR(3),4,Carbamidomethyl[C](12);Carbamidomethyl[C](13);Carbamidomethyl[C](20),1136.056457,1829.261952,1834.737921,3,1.377066E-01,2.242254E-01,1827.530000,1845.160000,1834.203770,4.402979,1820.994834,1847.412707
EKVLASSAR(2)-LSQKFPK(4),3,null,655.687184,1188.593618,1270.237616,9,1.399663E-01,4.861051E-01,1179.020000,1291.320000,1214.565761,28.616576,1128.716033,1300.415488
TCVADESHAGCEKSLHTLFGDELCK(13)-SLHTLFGDELCKVASLR(12),5,Carbamidomethyl[C](2);Carbamidomethyl[C](11);Carbamidomethyl[C](24);Carbamidomethyl[C](39),994.261221,2339.891679,2339.891679,1,1.437065E-01,1.437065E-01,2330.710000,2342.360000,2336.931093,1.301750,2333.025843,2340.836343
QEPERNECFLSHKDDSPDLPK(13)-LKPDPNTLCDEFK(2),5,Carbamidomethyl[C](8);Carbamidomethyl[C](33),855.792021,1876.460458,1908.452311,2,1.867573E-01,3.060611E-01,1839.920000,1925.470000,1871.473524,26.268949,1792.666677,1950.280371
QEPERNECFLSHKDDSPDLPK(13)-LKPDPNTLCDEFK(2),4,Carbamidomethyl[C](8);Carbamidomethyl[C](33),1069.488207,1876.374949,1907.348366,2,1.957188E-01,2.241211E-01,1857.710000,1931.470000,1888.833523,15.432234,1842.536821,1935.130224
SLHTLFGDELCKVASLR(12)-ALKAWSVARLSQK(3),5,Carbamidomethyl[C](11),712.980021,2365.617219,2365.617219,1,1.986378E-01,1.986378E-01,2352.670000,2398.070000,2371.314075,10.682084,2339.267822,2403.360328
LKPDPNTLCDEFKADEK(2)-KFWGKYLYEIAR(1),4,Carbamidomethyl[C](9),938.459957,2171.937677,2171.937677,1,2.007618E-01,2.007618E-01,2155.750000,2178.550000,2163.719260,5.586965,2146.958366,2180.480154
LAKEYEATLEECCAKDDPHACYSTVFDK(15)-ALKAWSVAR(3),3,Carbamidomethyl[C](12);Carbamidomethyl[C](13);Carbamidomethyl[C](21),1503.688184,1830.832920,1830.832920,1,2.108299E-01,2.108299E-01,1826.260000,1837.710000,1832.555274,1.803764,1827.143982,1837.966566
HLVDEPQNLIKQNCDQFEKLGEYGFQNALIVR(11)-LKECCDK(2),4,Carbamidomethyl[C](14);Carbamidomethyl[C](39);Carbamidomethyl[C](40),1232.089457,2497.179595,3190.147798,5,2.246641E-01,6.835655E-01,2489.500000,3191.640000,2506.257967,55.945034,2338.422863,2674.093070
LVTDLTKVHK(7)-LSQKFPK(4),3,null,720.069518,1530.544536,1530.544536,1,2.249987E-01,2.249987E-01,1527.370000,1532.990000,1529.582423,1.593325,1524.802447,1534.362398
TCVADESHAGCEKSLHTLFGDELCK(13)-DTHKSEIAHR(4),5,Carbamidomethyl[C](2);Carbamidomethyl[C](11);Carbamidomethyl[C](24),843.778421,1554.664427,1603.269477,3,2.408930E-01,5.003435E-01,1547.090000,1609.470000,1578.087205,23.390313,1507.916265,1648.258145
HLVDEPQNLIKQNCDQFEK(11)-KVPQVSTPTLVEVSR(1),3,Carbamidomethyl[C](14),1384.696184,1944.971615,1944.971615,1,2.612175E-01,2.612175E-01,1934.990000,1949.950000,1942.531809,1.527227,1937.950127,1947.113491
CASIQKFGER(6)-LSQKFPK(4),4,Carbamidomethyl[C](1),550.777707,1506.003828,1506.003828,1,2.669564E-01,2.669564E-01,1496.780000,1506.900000,1502.039562,0.299525,1501.140987,1502.938137
SHCIAEVEKDAIPENLPPLTADFAEDK(9)-LKECCDKPLLEK(7),4,Carbamidomethyl[C](3);Carbamidomethyl[C](34);Carbamidomethyl[C](35),1175.562457,2248.609634,2258.674719,2,2.784627E-01,4.643434E-01,2240.550000,2266.800000,2254.692504,5.907565,2236.969809,2272.415198
KVPQVSTPTLVEVSR(1)-SLGKVGTR(4),3,null,872.145851,1727.776439,1780.527732,4,3.018696E-01,4.330821E-01,1723.720000,1783.790000,1739.534679,20.442384,1678.207528,1800.861831
DDSPDLPKLKPDPNTLCDEFKADEK(8)-SLGKVGTR(4),3,Carbamidomethyl[C](17),1287.955518,1873.387531,1908.964923,2,3.026887E-01,7.975594E-01,1863.690000,1952.490000,1905.027816,19.570370,1846.316706,1963.738925
LAKEYEATLEECCAK(3)-FKDLGEEHFK(2),4,Carbamidomethyl[C](12);Carbamidomethyl[C](13),806.117207,1644.451155,1644.451155,1,3.031761E-01,3.031761E-01,1638.470000,1656.000000,1647.676903,4.466482,1634.277456,1661.076350
EYEATLEECCAKDDPHACYSTVFDKLK(25)-FKDLGEEHFK(2),4,Carbamidomethyl[C](9);Carbamidomethyl[C](10);Carbamidomethyl[C](18),1172.266707,1907.674615,1907.674615,1,3.074632E-01,3.074632E-01,1893.620000,1949.950000,1913.568176,8.691519,1887.493619,1939.642732
EYEATLEECCAKDDPHACYSTVFDKLK(25)-FKDLGEEHFK(2),5,Carbamidomethyl[C](9);Carbamidomethyl[C](10);Carbamidomethyl[C](18),938.014821,1908.297611,1908.297611,1,3.163716E-01,3.163716E-01,1896.660000,1934.990000,1911.627237,6.022053,1893.561077,1929.693396
PLLEKSHCIAEVEKDAIPENLPPLTADFAEDK(5)-LKECCDK(2),5,Carbamidomethyl[C](8);Carbamidomethyl[C](39);Carbamidomethyl[C](40),940.651421,2256.242044,2256.242044,1,3.283979E-01,3.283979E-01,2243.410000,2264.540000,2251.048680,4.726349,2236.869635,2265.227726
LVNELTEFAKTCVADESHAGCEK(10)-LCVLHEKTPVSEK(7),4,Carbamidomethyl[C](12);Carbamidomethyl[C](21);Carbamidomethyl[C](28),1077.009957,1959.000335,1959.000335,1,3.429902E-01,3.429902E-01,1946.400000,1969.950000,1958.089710,4.432107,1944.793389,1971.386031
LKECCDKPLLEKSHCIAEVEK(12)-DAIPENLPPLTADFAEDKDVCK(18),4,Carbamidomethyl[C](4);Carbamidomethyl[C](5);Carbamidomethyl[C](15);Carbamidomethyl[C](45),1301.117707,2212.921451,2212.921451,1,3.496139E-01,3.496139E-01,2149.450000,2252.110000,2199.839540,20.163606,2139.348723,2260.330357
TCVADESHAGCEKSLHTLFGDELCK(13)-DTHKSEIAHR(4),4,Carbamidomethyl[C](2);Carbamidomethyl[C](11);Carbamidomethyl[C](24),1054.471207,1608.496702,1608.496702,1,3.541968E-01,3.541968E-01,1600.300000,1609.780000,1604.590583,0.284548,1603.736940,1605.444225
DDPHACYSTVFDKLK(13)-HKPKATEEQLK(2),3,Carbamidomethyl[C](6),1087.856518,2562.370837,2566.409366,3,3.865003E-01,6.474130E-01,2553.420000,2657.420000,2609.312592,14.660453,2565.331234,2653.293950
RHPYFYAPELLYYANKYNGVFQECCQAEDK(16)-KFWGKYLYEIARR(5),6,Carbamidomethyl[C](24);Carbamidomethyl[C](25),944.283564,2350.760512,2350.760512,1,4.125591E-01,4.125591E-01,2344.990000,2408.070000,2359.367543,10.145252,2328.931786,2389.803300
RHPYFYAPELLYYANKYNGVFQECCQAEDK(16)-SLGKVGTR(4),5,Carbamidomethyl[C](24);Carbamidomethyl[C](25),950.445821,2388.353511,2388.353511,1,4.213775E-01,4.213775E-01,2378.620000,2411.600000,2394.260275,7.196138,2372.671860,2415.848690
CASIQKFGER(6)-TPVSEKVTK(6),3,Carbamidomethyl[C](1),781.055851,1408.460298,1408.460298,1,4.249565E-01,4.249565E-01,1399.610000,1412.770000,1409.456555,2.252750,1402.698304,1416.214806
RHPYFYAPELLYYANKYNGVFQECCQAEDK(16)-SLGKVGTR(4),4,Carbamidomethyl[C](24);Carbamidomethyl[C](25),1187.805457,2382.369555,2382.369555,1,4.434448E-01,4.434448E-01,2369.560000,2390.680000,2381.781672,3.419348,2371.523627,2392.039717
SHCIAEVEKDAIPENLPPLTADFAEDKDVCK(9)-ECCDKPLLEK(5),6,Carbamidomethyl[C](3);Carbamidomethyl[C](30);Carbamidomethyl[C](36);Carbamidomethyl[C](37),827.551064,2257.353261,2270.587761,3,4.529932E-01,7.803316E-01,2247.140000,2283.400000,2262.843078,8.738996,2236.626089,2289.060067
SLGKVGTRCCTKPESER(12)-QIKKQTALVELLK(3),5,Carbamidomethyl[C](9);Carbamidomethyl[C](10),727.588221,2339.207425,2339.207425,1,4.604960E-01,4.604960E-01,2325.240000,2346.990000,2335.542052,4.731550,2321.347401,2349.736702
LVNELTEFAKTCVADESHAGCEK(10)-LCVLHEKTPVSEK(7),5,Carbamidomethyl[C](12);Carbamidomethyl[C](21);Carbamidomethyl[C](28),861.809421,1929.441042,1929.441042,1,4.956224E-01,4.956224E-01,1917.170000,1937.980000,1926.461817,3.127781,1917.078475,1935.845159
TCVADESHAGCEKSLHTLFGDELCK(13)-CASIQKFGER(6),4,Carbamidomethyl[C](2);Carbamidomethyl[C](11);Carbamidomethyl[C](24);Carbamidomethyl[C](29),1054.967957,1821.853531,1863.527529,4,5.137413E-01,8.114225E-01,1816.530000,1865.430000,1843.536165,15.882750,1795.887913,1891.184416
CCTKPESERMPCTEDYLSLILNR(4)-SLGKVGTR(4),4,Carbamidomethyl[C](1);Carbamidomethyl[C](2);Carbamidomethyl[C](12),962.454207,2172.785254,2174.190222,2,5.285522E-01,6.797774E-01,2165.070000,2200.040000,2174.061073,7.736556,2150.851403,2197.270742
QEPERNECFLSHKDDSPDLPK(13)-LKPDPNTLCDEFKADEK(2),6,Carbamidomethyl[C](8);Carbamidomethyl[C](33),787.194897,1840.435920,1840.435920,1,5.396657E-01,5.396657E-01,1834.320000,1851.720000,1843.355080,3.796884,1831.964427,1854.745733
PKATEEQLKTVMENFVAFVDK(2)-ECCDKPLLEKSHCIAEVEK(10),4,Carbamidomethyl[C](26);Carbamidomethyl[C](27);Carbamidomethyl[C](37),1232.339957,2506.235336,2506.235336,1,5.587849E-01,5.587849E-01,2495.790000,2512.950000,2507.576018,4.408286,2494.351160,2520.800875
RHPYFYAPELLYYANKYNGVFQECCQAEDK(16)-KFWGKYLYEIARR(5),4,Carbamidomethyl[C](24);Carbamidomethyl[C](25),1415.921707,2350.847996,2350.847996,1,5.961931E-01,5.961931E-01,2346.990000,2388.930000,2359.576961,7.469457,2337.168589,2381.985333
LAKEYEATLEECCAKDDPHACYSTVFDK(15)-FKDLGEEHFK(2),5,Carbamidomethyl[C](12);Carbamidomethyl[C](13);Carbamidomethyl[C](21),952.222221,1881.236075,1881.236075,1,5.971716E-01,5.971716E-01,1869.640000,1884.640000,1875.650753,0.411705,1874.415637,1876.885869
VTKCCTESLVNR(3)-SLGKVGTR(4),3,Carbamidomethyl[C](4);Carbamidomethyl[C](5),814.402851,1306.713696,1306.713696,1,6.035625E-01,6.035625E-01,1303.540000,1308.960000,1306.583629,0.499158,1305.086156,1308.081103
DDPHACYSTVFDKLK(13)-HKPKATEEQLK(4),3,Carbamidomethyl[C](6),1087.856518,2563.544193,2563.544193,1,6.050483E-01,6.050483E-01,2553.960000,2654.410000,2607.408838,14.498691,2563.912766,2650.904910
LKPDPNTLCDEFK(2)-KQTALVELLKHK(10),3,Carbamidomethyl[C](9),1047.882184,2009.172535,2009.172535,1,6.124653E-01,6.124653E-01,1999.510000,2010.280000,2002.664222,1.722415,1997.496977,2007.831466
VHKECCHGDLLECADDR(3)-CASIQKFGER(6),4,Carbamidomethyl[C](5);Carbamidomethyl[C](6);Carbamidomethyl[C](13);Carbamidomethyl[C](21),867.372957,1425.000537,1431.170237,2,6.145917E-01,6.745974E-01,1421.010000,1433.590000,1424.788828,1.162935,1421.300022,1428.277635
FWGKYLYEIARR(4)-SLGKVGTRCCTK(4),3,Carbamidomethyl[C](24);Carbamidomethyl[C](25),1042.520851,2095.716200,2095.716200,1,6.267029E-01,6.267029E-01,2093.230000,2113.370000,2102.673111,4.494409,2089.189886,2116.156337
AFDEKLFTFHADICTLPDTEK(5)-KQTALVELLK(1),4,Carbamidomethyl[C](14),950.230707,2452.587037,2452.587037,1,6.425171E-01,6.425171E-01,2441.620000,2497.160000,2478.860227,7.967696,2454.957140,2502.763314
VTKCCTESLVNR(3)-HKPKATEEQLK(4),6,Carbamidomethyl[C](4);Carbamidomethyl[C](5),489.578064,898.270150,898.270150,1,6.517835E-01,6.517835E-01,896.100000,921.600000,906.641033,6.686280,886.582193,926.699872
KFWGKYLYEIAR(5)-VTKCCTESLVNR(3),3,Carbamidomethyl[C](19);Carbamidomethyl[C](20),1066.524184,1749.387351,1749.387351,1,6.588119E-01,6.588119E-01,1729.840000,1757.990000,1743.090922,5.140999,1727.667926,1758.513918
LKPDPNTLCDEFKADEKK(13)-FKDLGEEHFK(2),4,Carbamidomethyl[C](9),889.425957,2203.672447,2203.672447,1,6.636838E-01,6.636838E-01,2181.510000,2225.480000,2195.799416,6.585262,2176.043629,2215.555203
DTHKSEIAHRFK(4)-FKDLGEEHFK(2),4,null,719.601207,1717.638320,1761.726368,4,6.933817E-01,7.998425E-01,1715.870000,1804.300000,1751.348212,22.487317,1683.886262,1818.810162
LAKEYEATLEECCAKDDPHACYSTVFDK(3)-VTKCCTESLVNR(3),4,Carbamidomethyl[C](12);Carbamidomethyl[C](13);Carbamidomethyl[C](21);Carbamidomethyl[C](35);Carbamidomethyl[C](36),1244.297957,1736.824285,1736.824285,1,7.241563E-01,7.241563E-01,1735.810000,1741.190000,1739.485840,0.984299,1736.532942,1742.438738
PLLEKSHCIAEVEKDAIPENLPPLTADFAEDK(14)-LKECCDK(2),4,Carbamidomethyl[C](8);Carbamidomethyl[C](39);Carbamidomethyl[C](40),1175.562457,2255.899693,2255.899693,1,7.557706E-01,7.557706E-01,2243.410000,2261.560000,2248.409400,3.274439,2238.586082,2258.232719
QEPERNECFLSHKDDSPDLPKLK(21)-PDPNTLCDEFKADEK(11),6,Carbamidomethyl[C](8);Carbamidomethyl[C](33),787.194897,1886.402672,1886.402672,1,7.713007E-01,7.713007E-01,1880.310000,1892.420000,1886.128640,1.484761,1881.674357,1890.582923
LFTFHADICTLPDTEKQIKK(19)-PCFSALTPDETYVPKAFDEK(15),6,Carbamidomethyl[C](9);Carbamidomethyl[C](25),813.729397,1886.146042,1886.146042,1,7.869252E-01,7.869252E-01,1874.370000,1946.400000,1893.056950,14.950082,1848.206704,1937.907195
VTKCCTESLVNRRPCFSALTPDETYVPK(3)-LKPDPNTLCDEFKADEK(2),5,Carbamidomethyl[C](4);Carbamidomethyl[C](5);Carbamidomethyl[C](15);Carbamidomethyl[C](40),1101.921421,2435.040742,2435.040742,1,7.879128E-01,7.879128E-01,2415.010000,2476.850000,2441.205117,9.509970,2412.675208,2469.735026
CCTKPESERMPCTEDYLSLILNR(4)-LSQKFPK(4),4,Carbamidomethyl[C](1);Carbamidomethyl[C](2);Carbamidomethyl[C](12);Oxidation[M](10),973.956457,2151.679191,2151.679191,1,7.892033E-01,7.892033E-01,2138.180000,2156.150000,2146.808516,2.568963,2139.101626,2154.515405
GACLLPKIETMREK(7)-SLGKVGTR(4),3,Carbamidomethyl[C](3);Oxidation[M](11),879.457184,1743.630265,1743.630265,1,8.132868E-01,8.132868E-01,1739.550000,1745.240000,1741.416290,0.171414,1740.902049,1741.930532
